Person_ID,Own_House,Own_vehicle,Standard_Savings,Bank_Debts,Gender,Age,Name,Area,CreditScore,Annual_Salary
1,0,1,3989,1,F,28,Con,Shenavan,619,101348.88
2,0,0,7076,1,M,65,Alphonso,Shubenka,608,112542.58
3,1,1,5659,1,F,25,Bordy,Chowṉêy,502,113931.57
4,0,0,6314,0,F,48,Margot,Pakxong,699,93826.63
5,0,0,9894,0,F,34,Denice,Ardazubre,850,79084.1
6,1,1,3193,0,M,49,Loutitia,Moñitos,645,149756.71
7,0,1,4670,1,M,30,Jordan,Marte,822,10062.8
8,1,0,5375,1,M,40,Dougie,Nomhon,376,119346.88
9,0,1,2253,0,M,34,Beth,Kauhava,501,74940.5
10,1,0,3620,1,M,37,Aland,Daixi,684,71725.73
11,0,0,4840,1,M,39,Currey,Novyye Kuz’minki,528,80181.12
12,1,0,9755,0,M,33,Zonda,Grabów,497,76390.01
13,1,0,4416,0,M,43,Edyth,Wujiayao,476,26260.98
14,0,1,1001,1,M,30,Joaquin,Créteil,549,190857.79
15,1,0,1230,1,M,44,Laurens,Ustupo,635,65951.65
16,1,0,8514,0,M,53,Peta,Tuquan,616,64327.26
17,1,1,3161,1,M,36,Wilfrid,Kamenka,653,5097.67
18,0,1,6087,0,F,32,Blithe,Negotino,549,14406.41
19,1,0,6509,1,F,31,Jarid,Hengli,587,158684.81
20,0,0,7250,1,F,36,Karlik,Kigoma,726,54724.03
21,1,0,3398,1,M,29,Alden,Kunashak,732,170886.17
22,1,0,3295,1,M,32,Claire,Voloka,636,138555.46
23,0,1,7885,0,M,36,Julee,Suklayin,510,118913.53
24,0,0,8375,1,M,35,Vernon,Tange Zhen,669,8487.75
25,0,0,7427,1,M,31,Andrus,Quilo-quilo,846,187616.16
26,0,1,5457,0,M,29,Tine,Puteaux,577,124508.29
27,0,0,3370,1,F,36,Travis,Trubchevsk,756,170041.95
28,0,1,5502,0,M,29,Maryann,Xiaochengzi,571,38433.35
29,1,1,1380,1,M,43,Dale,Rāvar,574,100187.43
30,0,1,6174,0,M,35,Kassi,Krajan Craken,411,53483.21
31,0,1,9883,0,F,55,Kassandra,Frederiksberg,591,140469.38
32,1,0,8090,1,M,30,Isidro,Taiping,533,156731.91
33,1,1,4252,0,F,37,Quentin,Gualeguaychú,553,81898.81
34,0,0,4730,1,M,42,Zeke,Mississauga,520,34410.55
35,0,1,9624,0,M,45,Zuzana,Ipoh,722,142033.07
36,0,0,1753,1,M,42,Wells,Qianfoling,475,27822.99
37,1,1,5391,1,F,37,Chrotoem,Sovetskiy,490,114066.77
38,0,1,3773,1,F,24,Bud,Igbeti,804,98453.45
39,0,1,1903,1,M,38,Gerick,Bohus,850,40812.9
40,0,1,8485,1,M,36,Thaddeus,Arcachon,582,178074.04
41,0,0,6075,0,M,39,Almire,Pŭrvomaytsi,472,70154.22
42,0,0,8470,1,M,29,Caryl,Kamalaputi,465,181297.65
43,1,1,3865,1,M,29,Herc,Hrvatini,556,94153.83
44,1,1,4430,1,M,28,Eli,Ganja,834,194365.76
45,1,1,5113,0,M,31,Odette,Hongde,660,158338.39
46,1,1,3754,0,F,41,Ula,Panitian,776,126517.46
47,1,0,5269,1,M,40,Percy,Maralal,829,119708.21
48,0,0,7543,1,M,32,Kennan,Paradahan,637,117622.8
49,0,1,9940,1,M,40,Alec,Kanzaki,550,90878.13
50,0,0,6859,0,M,39,Brigitta,Shangrao,776,194099.12
51,1,0,2914,1,M,39,Bradly,Bojen Kulon,698,198059.16
52,0,0,9155,0,M,55,Daffie,Bouça,585,86424.57
53,0,1,3130,0,M,27,Louella,Jolo,788,116978.19
54,1,0,8482,0,M,33,Camala,Aoyang,655,164040.94
55,0,0,2064,0,M,35,Crystal,Kafachan,601,40014.76
56,1,0,3254,1,F,31,Gene,Ljungby,619,113410.49
57,1,1,4553,1,M,27,Averell,Séguéla,656,87107.57
58,1,1,1088,1,M,30,Emmett,Enskede,725,45613.75
59,1,1,5015,0,F,37,Lainey,Gakem,511,1643.11
60,0,1,7787,1,M,33,Fernando,Mbaké,614,46775.28
61,1,1,2338,1,M,34,Joshia,São José dos Pinhais,742,84509.57
62,1,0,5909,1,M,47,Mikkel,Sidoger Lebak,687,126494.82
63,1,0,3819,1,F,31,Hillard,‘Alīābād-e Katūl,555,178798.13
64,1,1,2972,1,M,33,Gregory,Dongjiao,684,99398.36
65,1,0,2645,1,F,33,Pietro,Atyrá,603,92840.67
66,0,0,5087,1,M,30,Ozzy,Noen Maprang,751,27758.36
67,1,0,6191,1,M,31,Quintus,Trinity,581,110431.51
68,0,0,8897,0,F,28,Amalea,Akita Shi,735,196673.28
69,1,1,5722,1,M,36,Noland,Phu Loc,661,113656.85
70,1,1,8828,0,F,40,Kittie,Žďár,675,18203
71,0,0,2031,0,F,38,Ethelin,Rostov-na-Donu,738,28373.86
72,1,1,4813,1,M,42,Rriocard,Rubiataba,813,33953.87
73,0,1,1321,1,F,44,Rollo,Xinji,657,44203.55
74,0,0,7933,1,M,40,Welby,Basqal,604,58426.81
75,0,0,3123,0,M,27,Minerva,Obršani,519,145562.4
76,1,0,8566,1,M,27,Christian,Keda,735,22388
77,0,1,4198,0,M,42,Chelsey,Geita,664,139161.64
78,0,0,1703,0,F,37,Shanna,Bradag,678,148210.64
79,0,0,1473,1,M,31,Patin,Lluka e Eperme,757,194239.63
80,0,1,4460,0,M,55,Kaitlin,Ḩuraytān,416,98301.61
81,1,0,1682,1,M,55,Vittorio,Bol’shoye Selo,665,171413.66
82,0,0,4499,0,F,37,Kimberlee,Huangqi,777,136458.19
83,1,0,8778,0,M,30,Cloe,Longhuashan,543,26019.59
84,0,1,2916,0,M,31,Odette,Santa Catarina Ixtahuacán,506,159235.29
85,1,1,3441,1,F,39,Wilmar,Independencia,493,1907.66
86,0,0,4140,0,F,39,Merle,Phan Thong,652,114675.75
87,0,1,5405,0,M,26,Alexandrina,Aghsu,750,128643.35
88,0,1,1026,0,M,47,Kathye,Sabandia,729,151869.35
89,1,0,2481,0,M,33,Tara,Jing’an,646,93251.42
90,1,1,8411,1,F,37,Rodger,Lubochnia,635,156791.36
91,1,0,9013,0,F,37,Deborah,Olhos de Água,647,174205.22
92,0,0,7655,1,F,44,Rouvin,Pataias,808,147132.46
93,0,1,3207,1,F,30,Staffard,Umingan,524,109614.57
94,1,1,6614,0,F,50,Cynde,Triesenberg,769,172290.61
95,1,1,2346,0,M,41,Agnese,Mirecourt,730,85982.47
96,1,0,4372,0,M,34,Ashly,Omutninsk,515,121277.78
97,0,1,1855,0,M,27,Anselma,Vilarinho da Castanheira,773,64595.25
98,0,0,7186,0,M,34,Fanchon,Cabanaconde,814,197276.13
99,1,0,6775,1,M,32,Esme,Kireyevsk,710,99645.04
100,1,0,4085,1,M,44,Ruddie,Xinhui,413,6534.18
101,1,1,2593,0,M,36,Barrie,Bojong,665,161848.03
102,1,1,3082,1,M,35,Erik,Yangce,623,167162.43
103,0,1,3116,1,M,41,Wright,Gaoqiao,738,41970.72
104,1,0,9969,1,M,34,Emlyn,Batiovo,528,60536.56
105,0,1,9598,1,M,51,Swen,Zhonghouhe,670,177655.68
106,1,0,9063,1,F,54,Woodman,Buenos Aires,622,30984.59
107,1,1,1573,1,M,45,Meredith,El Capulin,582,10054.53
108,1,0,1008,0,M,40,Thalia,Fulnek,785,36976.52
109,0,1,5094,1,F,44,Karel,Coripata,605,71862.79
110,0,1,6211,1,F,32,Jeramey,Weiyang,479,99449.86
111,0,1,9401,0,M,29,Lilla,Bāsawul,685,63082.88
112,1,1,3408,1,M,29,Kiel,Wongka,538,27231.26
113,1,0,4063,1,M,32,Alejandro,G’uzor,562,86797.41
114,0,0,6972,1,F,30,Eustace,Żabbar,675,22994.32
115,1,0,2600,1,M,30,Car,Galis,721,101300.94
116,1,0,9072,1,M,31,Marcelo,Aioi,628,74169.13
117,0,0,8726,0,M,38,Lani,Nantang,668,115638.29
118,1,0,9710,1,M,34,Gris,Rappang,506,31766.3
119,0,0,2634,1,F,37,Job,Wolfville,524,199725.39
120,0,1,5736,1,M,33,Chane,Shanggan,699,120834.48
121,0,0,3473,0,M,36,Isabella,Phu Luang,828,38131.77
122,0,1,8031,0,M,34,Erinn,Bandarbeyla,674,100130.95
123,0,1,2920,0,M,35,Jacquetta,Huancheng,656,141069.88
124,0,0,5453,0,M,33,Maryl,Wyszków,684,198129.36
125,1,0,4661,1,M,40,Gottfried,Zürich,625,183646.41
126,1,1,7917,0,M,35,Lauraine,Puncakwangi,432,110265.24
127,0,0,1637,1,M,30,Woodie,Oslo,549,8636.05
128,0,1,1028,0,M,38,Christen,Cikaduen,625,46824.08
129,1,0,4497,1,M,30,Lombard,Kafr Dān,828,171378.77
130,0,1,7597,1,M,39,Dougie,Shewopo,770,167256.35
131,0,1,4696,0,M,30,Roxine,Pochinki,758,124226.16
132,0,1,8981,0,M,30,Claire,Tiantai Chengguanzhen,795,114935.21
133,0,1,1216,1,F,31,Horatius,Bagong Sikat,687,35608.88
134,1,1,5104,0,F,31,Harrietta,Jiyukou,686,16459.37
135,1,0,6881,0,M,33,Lanie,Pedro García,789,124411.08
136,0,1,5491,0,F,32,Janaya,Wangcao,589,34941.23
137,1,0,9282,0,M,31,Almeta,Ashkāsham,461,167784.28
138,0,1,9763,1,F,34,Galen,Getung,637,93165.34
139,0,1,4218,1,M,35,Yardley,Dadong,584,75161.25
140,1,0,5986,1,M,34,Hank,Łaskarzew,579,8590.83
141,1,1,5703,0,F,31,Margi,Blantyre,756,189543.9
142,1,0,7975,0,M,37,Sela,Garzón,663,180427.24
143,0,1,9752,0,F,25,Brittaney,San Luis,682,193318.33
144,1,0,5054,1,M,37,Barron,Lautaro,793,159123.82
145,1,0,3898,0,F,90,Georgine,Krzyżanowice,691,126213.84
146,1,0,5345,1,F,27,Byron,Port-aux-Français,485,54141.5
147,0,0,1641,1,M,39,Courtney,Khomutovo,635,141075.51
148,0,0,6652,0,M,32,Carey,Ramon Magsaysay,650,24495.03
149,0,1,1481,1,M,27,Noll,Taranovskoye,735,74836.34
150,1,0,9006,0,M,30,Kelly,Ozëry,416,878.87
151,1,1,2112,0,M,32,Filia,Evansville,754,89520.75
152,0,1,4309,1,M,36,Lou,Malekān,535,149892.79
153,0,1,3677,1,M,37,Kristian,Pilar,716,180800.42
154,1,1,7324,0,F,31,Liliane,Vessada,539,98646.22
155,0,1,7607,0,M,34,Sallyanne,Shenavan,614,109041.53
156,1,1,1348,1,M,34,Orion,Kadubincarung,706,17941.16
157,1,0,5932,0,M,63,Bertie,Chuanpu,758,82996.47
158,1,1,3306,0,M,42,Daisi,Tharyarwady,586,92067.35
159,1,0,4577,0,M,30,Concordia,Viñales,646,104719.66
160,0,0,2142,0,M,43,Emmalynne,Bayang,631,112687.57
161,1,1,6346,0,M,32,Kaia,Trang,717,84699.56
162,1,1,2699,0,F,30,Malinde,Ponta do Sol,684,83473.82
163,1,0,5162,0,M,34,Nariko,San Andrés,800,47125.11
164,1,1,8164,0,F,36,Jillene,Kuala Lumpur,721,106977.8
165,0,1,6528,1,F,32,Giraldo,Senggapi,683,55582.54
166,1,1,5120,1,M,35,Amery,Chanthaburi,660,139874.43
167,0,0,3507,0,M,29,Steffi,Norberg,704,162503.48
168,1,1,8694,1,F,28,Dru,Pizhanka,615,196499.96
169,0,0,6207,1,M,30,Husain,Jinbo,667,40721.24
170,1,1,5206,0,M,30,Lorrie,Nyagan,682,53134.3
171,0,0,3605,1,M,26,Filberto,Psevdás,484,164017.89
172,0,0,5012,1,M,31,Thorn,Berbérati,628,155996.96
173,0,0,8468,0,F,32,Liliane,Patria,480,5472.7
174,0,1,8582,1,M,33,Jud,Al Ḩāḑir,578,112187.11
175,1,1,9953,0,F,33,Flora,Thị Trấn Cao Lộc,512,146457.83
176,0,0,4144,1,M,32,Wadsworth,Enhe Hada,484,27286.1
177,1,1,7734,0,M,36,Mozelle,Suban,510,130553.47
178,0,1,1853,0,M,41,Milicent,Banggel,606,179351.89
179,0,1,9701,1,M,25,Cosme,Beylagan,597,94774.12
180,0,0,8283,0,M,41,Felicle,Uenohara,754,8080.85
181,0,1,8448,0,F,29,Dena,Labuhansumbawa,850,19482.5
182,0,0,2419,1,F,34,Andrey,Jingkou,510,48071.61
183,0,1,6900,0,F,36,Dru,Luojiang,778,174531.27
184,1,0,8960,0,F,42,Carin,Ryazhsk,636,55470.78
185,1,1,7033,0,M,30,Rebbecca,Haibara,804,8546.87
186,0,1,6353,1,M,32,Braden,Chenyang,514,95857.18
187,1,0,6313,1,M,33,Gerrard,Youxi,730,194945.8
188,0,1,3885,1,F,36,Maddy,Huesca,525,131521.72
189,1,0,7261,0,F,40,Elke,Baikui,616,196108.51
190,1,0,3437,1,M,34,Neill,Vila Nova Sintra,687,148564.76
191,1,0,4928,0,M,36,Emmey,Sundbyberg,715,92982.61
192,0,1,9278,1,F,28,Colver,Akouda,512,17675.36
193,1,1,7389,1,M,38,Flory,Sollefteå,479,114996.43
194,1,0,9801,0,M,36,Iris,Shuangbaiyang,601,86957.42
195,0,0,9759,0,M,31,Norma,El Corozo,580,128077.8
196,0,0,2186,0,M,55,Billy,Koryčany,807,600.36
197,0,1,5773,1,M,43,Ferdy,Vaasa,616,43001.46
198,0,1,9701,1,F,46,Nichols,Lahuaytambo,721,158591.12
199,1,0,8849,0,M,48,Fanya,Beausejour,501,47847.19
200,0,0,1519,1,M,33,Terence,Qal‘at al Andalus,521,10488.44
201,0,0,9892,0,M,29,Nancy,Pétionville,850,5978.2
202,0,0,1094,0,F,28,Selina,Sundsvall,759,121409.06
203,0,0,8936,0,M,32,Melinda,Chaodi,516,146145.93
204,0,0,7519,1,M,42,Harcourt,Bagé,711,14374.86
205,1,0,8930,0,M,36,Billie,Vilarinho,512,94670.77
206,0,0,3541,0,M,28,Ferne,Jawf al Maqbābah,550,179670.31
207,1,1,3833,1,F,36,Salem,Okrouhlice,608,199304.74
208,1,1,1618,1,M,37,Christoforo,Urrao,618,151954.39
209,0,0,5575,0,M,40,Merrill,Lukou,643,142513.5
210,1,0,5826,1,F,34,Boniface,Nanxinxiang,671,158264.62
211,0,1,2784,1,M,31,Bearnard,Xiangshan,689,169381.9
212,0,1,9130,0,F,26,Pearline,Ol Kalou,603,169915.02
213,1,1,7318,1,M,32,Horace,Dasheng,620,88852.47
214,0,0,1738,0,M,37,Marissa,Leonárisso,676,40645.81
215,0,1,9428,1,M,50,Leonid,Bromma,572,60427.3
216,0,0,4002,1,M,34,Gabbie,Rejowinangun,668,157959.02
217,0,1,3703,1,M,36,Orton,Sơn Trà,695,133007.34
218,0,0,9527,0,F,36,Yolane,Pasadena,730,176576.62
219,0,1,4054,1,M,50,Gottfried,Jundian,807,34888.04
220,1,1,9507,0,M,41,Brittani,Kedungsumurkrajan,592,28737.71
221,1,1,6894,1,M,28,Jacques,Penhascoso,726,98178.57
222,0,0,6817,1,M,32,Alonzo,Wangqinzhuang,514,125010.24
223,0,1,2353,0,M,31,Becky,Houba,567,167984.61
224,0,0,5188,0,M,34,Betteanne,Ojos de Agua,850,4861.72
225,1,0,2073,0,M,29,Wren,Avignon,671,108872.45
226,0,1,7354,0,M,43,Emmi,Santa Cruz de Yojoa,670,198252.88
227,0,1,7564,0,M,56,Freddi,Stari Lec,694,26960.31
228,1,1,2548,1,F,56,Randal,Tatebayashi,547,85746.52
229,1,1,6392,1,M,31,Barret,Otutara,751,77206.25
230,0,1,8549,1,M,54,Haily,Kentville,594,61048.53
231,0,0,6457,1,M,33,Mayne,Širvintos,673,111981.19
232,0,0,6260,1,F,31,Allayne,Skolkovo,610,62232.6
233,0,1,5148,1,M,33,Leonerd,Kladovo,512,156105.03
234,1,1,5924,1,M,38,Fair,Kaduketug,767,150135.38
235,0,0,1009,1,F,33,Dominique,Shengping,585,93146.11
236,1,0,8325,0,M,35,Josy,Kapan,763,33462.94
237,0,1,8221,1,M,36,Duane,Ungaran,712,144375
238,1,0,9573,1,F,35,Alfredo,Vorob’yovo,539,55803.96
239,1,1,7588,1,F,34,Jordon,Chengxiang,668,89048.46
240,1,0,7356,1,M,33,Luigi,Los Palacios,703,162812.16
241,1,0,9951,0,F,48,Rozelle,Schirmeck,662,136259.65
242,1,0,8288,1,M,56,Arri,Świdnica,725,124052.97
243,0,0,1541,1,F,48,Paco,Töreboda,703,74158.8
244,0,1,5169,0,F,28,Eleen,Maglajani,659,45071.09
245,0,1,3671,1,M,36,Sarge,Novosheshminsk,523,62030.06
246,0,0,2444,0,M,50,Lory,Bazi,635,131953.23
247,0,1,6803,1,M,39,Sayers,São Gonçalo do Amarante,772,79414
248,0,0,3030,0,M,36,Daisey,Jayanca,545,199638.56
249,0,1,5983,0,M,35,Darell,San Vicente,634,157577.29
250,0,0,9887,1,M,35,Pembroke,Banjar Laing,739,134420.75
251,1,0,9947,1,M,47,Port,Xiashitai,771,99805.99
252,0,0,4473,0,M,38,Tracey,Cabudare,587,97932.68
253,0,0,7944,0,M,32,Nicole,Maliuzui,681,170968.99
254,0,0,7822,0,M,32,Rhodia,Huanglin,544,57558.95
255,1,1,7812,0,M,28,Leandra,Langob,696,176713.47
256,0,1,5611,0,F,32,Letizia,Janeng,766,34283.23
257,1,0,5536,0,F,36,Neille,Araucária,727,198637.34
258,0,1,6787,0,M,42,Ivory,Kunjāh,671,156917.12
259,1,0,8557,1,M,31,Zach,Kladanj,693,50457.2
260,1,0,6462,0,F,32,Dawna,Dasheng,850,140075.55
261,0,1,6502,0,M,44,Christan,Wangshi,732,65323.11
262,1,0,4818,1,M,49,Worthy,Koson Shahri,726,64323.24
263,1,0,8563,1,M,36,Goober,Öjebyn,557,14956.44
264,1,0,8343,1,M,36,Patten,Wisznice,682,111879.21
265,0,0,1264,1,F,39,Maddie,Pignon,738,18606.23
266,0,0,6859,1,M,28,Jamie,Cikananga,531,123137.01
267,1,1,8233,1,F,38,Fax,Kubangsari,498,148528.24
268,0,1,1266,1,M,36,Homere,Desē,651,13898.31
269,1,1,7913,0,F,30,Siusan,Muyaka,549,81259.25
270,1,1,9643,0,M,34,Del,Granada,791,161051.75
271,1,0,4323,0,M,23,Cymbre,Chase,650,191599.67
272,1,1,6354,0,M,36,Alys,Na Kae,733,48559.19
273,0,1,4996,1,F,29,Izaak,Orléans,811,186339.74
274,1,1,5156,0,F,34,Kirbie,Žacléř,707,33159.37
275,1,1,5865,1,M,39,Gerhardt,Pangkalan,712,93883.53
276,0,0,1832,1,M,37,Hayden,Sovetsk,706,110899.3
277,1,1,3578,0,F,39,Adelina,Yläne,756,11199.04
278,1,0,5908,0,F,30,Sacha,Rybí,777,189992.97
279,0,1,2596,0,M,37,Jorrie,Sunduan,646,164255.69
280,0,1,2212,0,F,56,Dallas,Non Suwan,714,152167.79
281,0,1,7635,1,M,35,Jamil,Bayombong,782,33949.67
282,0,0,2130,0,M,40,Carlotta,Nanjiao,775,68143.93
283,0,1,2098,1,M,33,Rawley,Baishi,479,47251.79
284,1,0,6126,0,F,37,Jaquelyn,Głowno,807,25885.72
285,0,1,4399,1,F,37,Fran,Orleans,799,192633.85
286,0,1,1614,1,F,30,Devy,Milano,675,34577.36
287,0,1,7242,1,M,28,Pauly,Novyy Svit,602,161229.84
288,1,1,6746,1,F,31,Finley,Pyatovskiy,475,100816.29
289,0,0,7123,1,M,35,Cord,Wulan,744,181694.44
290,0,1,5108,0,M,35,Philis,Santo Isidro,588,79078.91
291,0,1,5594,0,M,36,Audra,Tangalla,703,137316.32
292,1,0,5720,1,M,49,Ode,Xinji,747,194926.86
293,0,1,4335,1,M,43,Syman,Progreso,583,51285.49
294,1,0,4531,0,F,30,Arlette,Seto,750,150401.53
295,1,0,7193,0,M,22,Tate,Tipaz,681,112491.96
296,1,0,6269,0,M,40,Kirstin,Rosario,773,73656.38
297,1,1,6722,1,M,43,Patric,Carnaxide,714,106636.89
298,0,0,8783,1,M,34,Derby,Mapaniqui,687,155853.52
299,0,1,2040,0,F,35,Doralin,Rancho Nuevo,511,162599.51
300,1,1,7829,0,F,39,Griselda,Maythalūn,627,103737.82
301,1,0,4360,1,F,33,Derward,Ban Houayxay,694,160990.27
302,1,0,4976,1,M,35,Adolph,Ростуша,616,15462.84
303,0,1,7102,0,M,38,Ania,Santiago del Estero,687,10334.05
304,1,0,3243,0,M,36,Nanete,Udon Thani,712,190686.16
305,1,0,6689,0,F,39,Opal,Changning,553,94440.45
306,0,0,3234,1,F,28,Weider,Krajan Selatan,667,28257.63
307,0,0,9034,1,M,34,Montague,Colomi,731,170034.95
308,1,0,5261,1,F,80,Garvin,Sabanagrande,629,31824.29
309,0,0,9059,0,M,30,Marla,Bintang,614,127166.49
310,1,1,6215,1,M,26,Cordy,Urrao,438,44937.01
311,0,0,5252,1,M,31,Randie,Bat Khela,652,188603.07
312,1,0,9184,0,M,36,Sapphira,Saint Louis,729,145111.37
313,1,0,9554,0,M,38,Angel,Doom,642,171463.83
314,1,1,8393,1,M,67,Alejoa,Xinpeicun,806,182822.5
315,1,0,9974,0,F,28,Korie,Cigeulis,744,87213.33
316,1,1,7954,1,F,41,Lennie,Lagoa da Prata,474,57175.32
317,1,0,5893,0,F,52,Bliss,Tilburg,559,120540.83
318,0,1,3972,1,M,30,Quintus,Străşeni,706,28714.34
319,0,0,7213,0,M,33,Tatum,Xinhe,628,85426.28
320,0,1,8681,1,F,32,Tadio,Martin,429,46170.75
321,1,0,4578,1,M,35,Gilbert,Ålesund,525,64448.36
322,1,1,6607,0,F,37,Channa,Kezilei,680,16278.97
323,1,0,2210,0,F,25,Kalie,Coroico,749,182855.42
324,0,1,5132,0,M,35,Alberta,Kiruna,763,50404.72
325,0,1,7828,0,M,47,Laney,Chenghe,734,107640.25
326,1,0,9170,0,F,36,Ulla,Hongcheng,716,134132.65
327,1,1,4164,1,F,37,Gawen,Gwanda,594,103480.69
328,1,1,4541,0,M,41,Maridel,Donostia-San Sebastian,644,108761.05
329,1,1,3159,0,M,40,Gusta,Liushui,671,179012.3
330,0,0,6054,0,M,32,Janna,Marston,664,95145.14
331,0,0,8507,1,M,31,Tedd,Bambakashat,656,72143.44
332,1,0,2793,0,M,25,Eugenie,Annan,667,19162.89
333,1,0,2686,1,M,41,Averell,Mahates,663,144680.18
334,0,0,2230,1,F,45,Moe,New Cebu,584,177772.03
335,0,1,5179,0,F,44,Carolann,Thị Trấn Tủa Chùa,626,5597.94
336,0,1,3622,0,M,38,Misha,Gândara,485,116828.51
337,0,1,3677,0,M,41,Jewel,Gobernador Costa,659,174652.51
338,0,1,3911,0,M,40,Rosene,La Molina,649,2010.98
339,0,0,7812,0,M,31,Kevyn,Longquan,805,14109.85
340,0,1,8448,1,F,35,Pall,Agbannawag,716,43527.4
341,1,1,3940,1,M,33,Sullivan,Butuan,642,86099.23
342,0,1,7357,1,M,30,Mischa,Koktal,659,161574.19
343,0,0,9466,0,F,33,Robbie,Haokou,545,38970.14
344,0,0,8760,1,M,30,Dar,Parang,543,127587.22
345,0,0,8884,0,M,36,Germaine,Dalai,718,30380.12
346,1,1,1659,1,F,31,Richmound,Seidu,840,90908.95
347,0,1,8701,1,M,30,Josias,Shuiyuesi,630,138275.01
348,0,1,9766,0,M,45,Hatti,Baryshevo,643,32171.79
349,0,1,1657,1,M,29,Tarrance,Kumla,654,126143.23
350,0,0,4413,0,M,33,Charity,Wanfa,582,129892.93
351,1,0,5020,0,M,30,Sharyl,Noyon,659,102416.84
352,1,1,7842,0,M,31,Shayla,Mingzhong,762,18719.67
353,0,1,7171,1,M,31,Alfonso,Svetlograd,568,61936.22
354,0,1,7624,0,M,36,Emmalyn,Sangat,670,78358.94
355,0,1,6081,0,M,42,Deina,Dobrzeń Wielki,613,147224.27
356,0,0,4616,1,M,50,Domenico,Girey,539,160979.66
357,1,1,8067,0,M,25,Lurette,Shinpokh,850,132298.49
358,0,1,6791,1,M,36,Chaim,Bilje,522,174248.52
359,0,1,1240,1,M,33,Ole,Alak,737,123547.28
360,1,0,9152,1,F,32,Rurik,Fufang,520,32790.02
361,1,1,2769,1,M,28,Morey,Norrköping,706,181543.67
362,0,1,2186,0,M,43,Carlota,Casal do Conde,643,2319.96
363,1,1,9181,1,F,34,Claudianus,Säffle,648,189543.19
364,0,0,4322,1,M,36,Shurlocke,Diekirch,443,10940.4
365,1,0,3554,0,M,50,Ashien,Pimbalayan,640,199493.38
366,0,0,4657,1,M,51,Danie,Limbi,628,188193.25
367,1,0,6110,0,M,51,Germaine,Pyrgetós,540,172572.64
368,1,1,8510,1,F,28,Bucky,New York City,460,189339.6
369,0,0,5572,0,F,43,Rhetta,Liuji,636,53512.16
370,1,1,6683,0,F,30,Daveta,Lubbock,593,34004.44
371,0,0,5963,1,M,32,Emmanuel,Santo Ângelo,801,10598.29
372,1,0,2200,0,M,35,Di,Kuruman,640,113428.77
373,1,0,4245,1,F,42,Haze,Haarlem,611,183487.98
374,1,0,8255,1,F,36,Ruprecht,Wierzchosławice,802,187658.09
375,1,1,8365,0,M,36,Alys,Xiaotang,717,172459.39
376,0,1,4884,0,M,27,Briana,Udënisht,769,21016
377,1,1,5826,1,F,31,Saxon,Basīrpur,745,122381.02
378,1,1,2965,0,F,27,Susette,Zhongtai,572,128123.66
379,1,0,3858,1,M,31,Ware,Tuba,629,19570.63
380,0,0,5348,1,M,30,Niall,Busilak,687,188150.6
381,1,1,8635,0,M,29,Cary,Shulan,483,111020.24
382,0,0,5796,1,M,31,Rolland,Lilla Edet,690,123775.15
383,0,1,6073,1,M,36,Gideon,Dāngām,492,146700.22
384,0,1,8139,0,M,33,Linet,Rybno,709,145251.35
385,1,1,5214,1,M,32,Kingsley,Debrecen,705,82463.69
386,1,0,3960,0,M,28,Desiri,Feodosiya,560,15928.49
387,1,0,8157,1,F,26,Gerek,Tonosí,611,45886.33
388,0,0,1759,0,F,36,Celestina,Batgrām,730,186489.95
389,0,1,7815,1,F,30,Lou,Jixi,709,162922.65
390,1,1,3667,1,F,45,Michail,Nogent-sur-Marne,544,9262.77
391,0,0,1755,0,M,32,Agnes,Hà Tiên,712,84932.4
392,0,0,3801,1,F,30,Stirling,Ashiya,752,71557.12
393,0,1,5801,1,M,32,Tiler,Kluki,648,77405.95
394,0,1,8065,0,M,41,Ashlen,Cértegui,556,417.41
395,1,0,9878,0,F,36,Lacee,Igpit,594,71405.17
396,0,0,6151,1,M,24,Woody,Primero de Mayo,645,153400.24
397,0,1,5802,0,F,34,Sheelah,Songhae,557,371.05
398,0,0,4493,1,M,37,Thadeus,Butel,547,67789.99
399,1,0,8772,0,M,38,Cassy,Kolodeznyy,701,145894.9
400,1,1,5312,0,F,35,Bianka,Xihe,616,183840.51
401,1,1,6469,1,F,33,Dalli,Bantilan,605,108887.44
402,1,1,2337,1,M,67,Hersch,Liulang,593,154071.27
403,0,0,4213,1,F,31,Garrot,Moulins,751,179291.85
404,0,1,4684,1,M,33,Ingmar,Tambulig,443,56937.43
405,1,0,9541,1,M,46,Lancelot,Hörby,685,112239.03
406,0,0,1429,1,M,27,Roi,Rudniki,718,45909.87
407,1,1,7991,1,M,31,Ely,Los Frentones,538,173779.25
408,0,0,8062,1,F,27,Vinny,Gongju,611,125696.26
409,1,1,3645,1,M,24,Orton,Emiliano Zapata,668,159585.61
410,1,1,2258,1,M,56,Darren,Xingtan,537,106761.47
411,1,0,8263,1,M,33,Birk,Toila,709,129590.18
412,0,1,9799,0,M,27,Nance,Burrel,850,80006.65
413,1,1,1454,0,M,49,Pris,Carvoeira,745,140451.52
414,0,1,8124,1,M,37,Harlan,Voskop,693,187929.43
415,0,0,7146,1,F,39,Ivor,Topory,795,167155.36
416,1,0,3969,0,M,42,Shandeigh,Kohtla-Järve,626,191420.71
417,0,0,4285,1,F,31,Dannel,Yong’an,487,11384.45
418,0,0,3161,0,M,29,Marita,Verkhnyaya Tura,556,94898.1
419,0,1,8449,1,M,35,Humfried,Jingu,643,106781.59
420,0,1,2147,0,F,36,Nan,Wenfu,605,159508.52
421,0,0,8095,1,M,35,Burk,Dzięgielów,756,93524.19
422,1,1,9569,0,M,36,Dela,Gweedore,586,87168.46
423,0,0,8761,0,F,30,Honor,Martingança,535,8128.32
424,1,0,7285,1,F,36,Sergio,Ambatolampy,678,125518.32
425,1,1,7920,0,F,32,Gale,Mamponteng,596,48963.59
426,1,1,5008,1,F,30,Taddeusz,Krathum Baen,648,98368.24
427,1,0,9480,1,M,33,Farly,Černovice,492,148584.61
428,0,1,1265,1,F,37,Alexei,Sinamaica,702,27474.81
429,1,1,9391,1,M,43,Fran,Beyla,486,76192.21
430,0,0,8724,0,M,39,Talya,Asarum,568,134600.94
431,0,1,9821,1,M,31,Augustus,Shanglu,619,72467.99
432,1,1,9159,0,F,33,Nydia,Silago,724,199645.45
433,1,0,8371,1,M,28,Valdemar,Aygek,548,42749.85
434,0,0,6530,0,M,36,Suzann,Guantian,545,136050.44
435,0,0,5976,0,M,30,Dierdre,Escazú,683,73564.44
436,1,0,5833,1,M,41,Dukey,Agua Fría,762,85578.63
437,0,1,4890,0,M,26,Kaylee,Gongnong,627,129826.89
438,0,1,7287,0,F,35,Filippa,Paris 10,516,119666
439,0,0,6600,0,M,28,Alyson,Dapawan,800,68052.08
440,0,0,2944,1,M,29,Graham,Cajueiro,464,164104.74
441,0,0,3092,1,M,37,Neddie,Gospić,626,80190.36
442,0,1,5523,1,M,47,Terri,Anningqu,790,84126.75
443,1,0,6371,1,M,25,Farlee,Aozai,534,70179
444,0,1,9351,1,M,34,Nikolos,Aulnay-sous-Bois,745,118024.1
445,1,0,1204,0,M,37,Tracee,Kowingir,553,145704.19
446,0,1,3850,0,M,29,Francesca,Jetak,748,183049.41
447,1,0,2905,0,M,44,Cammy,Gyigang,722,120906.83
448,0,1,1854,0,M,40,Elayne,Hino,501,100433.83
449,0,1,2735,0,F,37,Hedvig,Nuevo Amanecer,675,138777
450,0,0,1625,0,M,31,Caresa,Tijucas,778,124694.99
451,0,0,6185,1,M,29,Luke,Caçapava,494,40084.32
452,0,0,9896,0,F,37,Agatha,Yangon,850,119232.33
453,1,0,1663,0,M,34,Cal,Decatur,592,43921.36
454,1,1,3426,0,M,30,Stephanie,Bieniewice,590,62222.81
455,0,0,5867,1,M,36,Hamilton,Strohonivka,758,56577
456,0,1,4169,1,M,35,Darrin,Marília,506,164253.35
457,1,1,7111,0,M,34,Valida,Wissous,733,7666.73
458,1,0,1180,1,M,31,Patrice,Daegu,711,68487.51
459,1,0,4189,0,M,52,Laura,Santa Rosa,514,199273.98
460,0,1,6171,0,M,36,Brear,Bohdalov,637,186062.36
461,1,0,7307,0,M,39,Serene,P’asanauri,468,195711.16
462,1,1,1267,0,F,44,Carlotta,Marseille,539,36692.17
463,1,1,6749,1,M,41,Rustie,Darungan,509,106920.57
464,1,0,6255,0,M,37,Rana,Angono,662,48725.68
465,1,0,3965,0,M,40,Rosa,Shangzhang,818,167036.94
466,0,1,3597,0,F,32,Orelia,Gonghe,608,68777.26
467,0,0,6645,0,M,36,Rosalynd,‘Izrā,850,18924.92
468,1,0,2857,0,F,35,Correna,Portachuelo,816,71905.77
469,0,1,5649,0,M,45,Natalie,Mukayrās,536,64833.28
470,0,0,2574,0,M,47,Doris,Bergen,753,184843.77
471,1,1,6662,1,F,32,Ossie,Sihanoukville,631,176730.02
472,1,0,3366,0,M,36,Coleen,Motala,703,20629.4
473,1,0,7252,1,M,33,Kippy,Yangzi Jianglu,774,28415.36
474,0,0,3259,1,M,26,Travus,Baisha,785,77231.27
475,1,0,9960,1,F,31,Clare,Taluksangay,571,102750.7
476,1,0,1694,1,M,40,Alister,Vinhais,621,34580.8
477,0,1,9917,1,M,41,Aube,Крива Паланка,605,183598.77
478,1,0,1207,0,M,42,Marylee,Bašaid,611,147358.27
479,0,1,4759,1,M,35,Fleming,El Cantón de San Pablo,569,108469.2
480,1,1,6240,1,F,34,Cleve,Webuye,658,20612.82
481,0,1,1100,1,M,31,Seymour,Xiapu,788,181196.76
482,1,1,8951,0,F,32,Jaynell,Rosais,525,160249.1
483,1,1,4122,0,M,35,Carmon,Thị Trấn Ngải Giao,798,110783.28
484,1,0,5607,0,F,34,Fayina,Goiânia,486,144995.33
485,0,0,9189,0,F,36,Shirlee,Caluire-et-Cuire,615,150227.85
486,1,0,2603,0,F,17,Alisun,Oelaba,730,53718.28
487,1,0,1984,1,M,38,Sigismond,Tyringe,641,75248.3
488,1,0,3304,0,F,33,Lindie,Sulkava,542,14353.43
489,0,0,7422,1,M,31,Sargent,Tokorozawa,692,130486.57
490,0,1,2071,0,F,35,Corliss,Trelew,714,100127.71
491,0,0,7677,0,M,44,Suzie,Bantiran,591,196356.17
492,0,1,3719,1,M,29,Renaud,Dadiharja,710,9983.88
493,1,1,7015,0,M,78,Paola,Hengfan,639,118974.77
494,1,1,6476,0,M,30,Janot,Bassa,531,194998.34
495,1,0,7209,0,M,40,Cari,Chiantla,673,134901.34
496,1,1,2597,0,F,51,Erina,Braunschweig,765,72924.56
497,1,0,8141,1,F,42,Corney,Huambo,622,101057.95
498,0,0,3172,0,M,34,Berri,Vila Chã do Monte,806,142838.64
499,0,0,4448,0,M,30,Ailey,Pucara,757,127059.04
500,0,1,2364,0,M,33,Zelma,Aygek,570,116503.92
501,1,1,8353,0,M,42,Kippie,Wangmeng,555,54405.79
502,1,0,5333,1,M,26,Symon,Gaotuo,692,88721.84
503,0,0,1794,1,M,33,Jeramie,Ressano Garcia,774,74135.48
504,1,1,6101,0,M,37,Malva,Mỹ Xuyên,638,111346.22
505,1,0,2405,1,M,39,Alfredo,Bor,543,194902.16
506,0,0,8221,1,M,37,Christopher,Nizhnekamsk,584,31474.27
507,0,0,6523,0,F,54,Claudia,Prantaan,691,21198.39
508,1,0,6545,0,M,35,Vicky,Safara,684,186976.6
509,1,1,1017,0,M,32,Ruthi,Bi’r al ‘Abd,733,117202.19
510,1,0,6387,1,F,32,Bryn,Dobra,599,143739.29
511,1,0,2812,0,F,37,Lana,Shōbu,524,161811.23
512,1,0,9698,1,M,34,Inigo,Sabugal,632,98090.91
513,1,0,3102,0,F,28,Hazel,Verrettes,735,71095.41
514,0,0,6396,0,M,31,Clarisse,Ichinoseki,734,13107.24
515,1,1,5077,1,F,30,Stillman,San Juan,605,67110.59
516,1,1,7577,0,F,31,Milissent,São Mamede,793,88225.02
517,1,0,7343,0,F,28,Jemmy,Borova,468,62256.87
518,0,1,9384,1,F,43,Dani,Balangkayan,779,135925.72
519,0,1,4144,1,M,36,Kingsley,Yujia’ao,698,177815.87
520,1,1,7083,0,M,28,Magdaia,Sydney,707,126471.13
521,1,0,4834,0,F,25,Orelie,Santa Monica,850,188574.12
522,1,1,9329,0,M,36,Arlie,Novoanninskiy,850,119175.45
523,0,0,8882,0,M,31,Nannie,Ash Shuqayrah,527,139093.73
524,0,1,5277,1,M,35,Fritz,Agoncillo,696,115916.55
525,1,1,5915,1,M,24,Ryan,Benavila,661,96463.25
526,0,1,9993,0,M,36,Chrysa,San Miguel,776,112349.51
527,0,0,4315,0,M,32,Drucie,Gonghe,701,165303.79
528,1,1,9148,0,M,36,Bethanne,Cocachacra,610,166031.08
529,0,0,8215,0,F,32,Carolynn,Chengbei,572,38411.79
530,1,1,7235,0,M,36,Junia,Tim,673,77783.35
531,0,1,5394,1,F,36,Dunstan,Pervomayskoye,519,29871.79
532,1,1,1791,1,M,41,Titos,Piedecuesta,702,59747.63
533,1,1,2087,1,F,33,Francis,Kramators’k,729,79919.13
534,1,0,1305,0,F,42,Petronella,Karlshamn,543,76773.53
535,1,0,5134,1,F,44,Igor,Libas,550,54018.93
536,0,1,7855,1,F,50,Briant,Gazli,608,70649.64
537,0,1,2036,0,M,44,Lizette,Anār,639,59093.39
538,1,0,2920,1,M,33,Vance,Koga,686,127569.8
539,0,0,8114,1,M,32,Yves,Mashui,564,18260.98
540,0,0,3841,0,M,34,Cayla,Areado,745,73275.96
541,1,1,7974,0,M,33,Essa,Bahía Honda,833,136129.49
542,1,1,9706,1,M,46,Vidovic,Všestary,622,153237.59
543,0,1,2649,0,M,33,Star,Vakhrushi,597,106841.12
544,1,0,6685,0,M,31,Gabbie,Isak,721,109078.35
545,1,1,1688,0,M,34,Anderea,Opatów,504,87822.14
546,1,0,2160,1,F,36,Brose,Alfortville,842,126644.98
547,0,0,2844,0,F,36,Lorrin,Bystřice nad Pernštejnem,587,47414.15
548,1,0,2081,0,M,30,Vivien,Třinec,479,41879.99
549,1,0,1940,1,M,46,Olin,Wirodayan,508,75808.1
550,0,1,1767,0,M,34,Sarena,Linjiang,749,47911.03
551,0,1,8705,0,M,31,Mufi,Tailing,721,28737.78
552,0,1,3466,1,M,30,Herman,Moganshan,674,2079.2
553,1,1,3172,1,M,39,Salomone,Sesheke,685,121562.33
554,1,1,9265,0,F,47,Emma,Duntou,417,55003.79
555,1,1,2870,1,F,34,Wheeler,Chatian,574,193131.42
556,1,1,6099,0,F,34,Janey,Frederiksberg,590,191932.27
557,1,0,2628,1,F,36,Rudyard,Strängnäs,587,159418.1
558,0,0,5900,0,F,33,Catrina,Нераште,598,191468.78
559,0,0,5338,1,F,42,Homer,Batambak,741,38913.68
560,0,0,6457,1,F,29,Hugues,Shanglian,850,705.18
561,1,0,8810,0,F,42,Ashien,Sunfang,584,138490.03
562,1,1,4749,0,M,31,Flore,Kurba,650,82970.69
563,0,1,4342,1,F,41,Vale,Londres,607,76744.72
564,0,0,5669,0,M,29,Rona,Yanqian,509,71244.59
565,0,1,4497,1,F,48,Farley,Tarczyn,689,12182.15
566,1,0,1016,1,F,35,Alexandros,Purísima,543,141210.5
567,0,0,7420,1,F,33,Bear,Nai Harn,438,191763.07
568,1,0,5125,0,M,33,Latashia,Igboho,687,37938.74
569,1,0,8810,1,F,36,Demetri,Östersund,737,74890.58
570,1,1,8062,1,M,44,Gian,Lousado,761,166698.18
571,0,1,7454,0,M,34,Luelle,Saint Joseph,601,62678.53
572,1,0,3838,0,F,31,Ruby,Tharyarwady,651,67740.08
573,0,0,3471,0,M,31,Olimpia,Mira,745,161519.77
574,0,0,5801,0,F,41,Debor,Wysoka,648,159835.78
575,0,0,7714,0,M,36,Tildi,Nuquí,848,30876.84
576,0,1,7713,0,M,30,Hetty,Shreveport,546,14858.1
577,0,1,2359,0,M,31,Cherie,Talldaww,439,75685.97
578,1,1,1104,0,F,41,Angelique,Bulan,755,144183.1
579,1,0,3016,0,M,54,Calley,Quế Sơn,593,65170.66
580,1,1,7171,1,M,36,Les,Daxing,701,82526.92
581,0,1,4752,1,M,32,Mickie,Wangjiaping,701,169161.46
582,1,0,9664,0,M,41,Valina,Uglyanets,607,109291.39
583,0,1,2986,0,M,70,Shandee,Gujba,586,6057.81
584,1,0,3843,1,M,39,Fabien,Amorim,547,77077.14
585,1,1,6515,1,M,38,Graehme,Qili,647,54954.51
586,1,1,1538,0,M,31,Guinevere,Wasquehal,760,179614.8
587,0,0,6859,0,F,27,Natalee,Portela,621,35588.07
588,1,0,7892,0,M,43,Rosalynd,Protección,725,117356.14
589,0,0,3066,0,F,43,Liva,Nanchoc,526,160696.72
590,1,0,5981,0,F,29,Carmen,Truskavets,519,147278.43
591,0,1,2893,0,M,36,Vivyan,Huakoulongtan,713,56594.36
592,0,1,8619,1,M,27,Corny,Laimuda,700,1299.75
593,0,0,1202,1,M,40,Rock,Gombong,666,25095.03
594,1,0,6818,0,F,35,Brooks,Banjar Tengah,630,146326.45
595,0,0,3535,0,M,26,Shaylyn,Nāgarpur,779,38296.21
596,0,0,5163,0,M,28,Fay,Madoi,611,164061.6
597,0,1,8811,1,M,26,Waylan,Pitangui,685,107811.28
598,0,1,2208,0,M,34,Mag,Buenavista,646,30838.51
599,1,1,2378,1,F,30,Galvin,Kushtia,683,9221.78
600,1,0,1086,0,M,36,Courtnay,Liliongan,484,33738.27
601,1,1,6232,0,F,43,Barb,Piaski,601,110916.15
602,0,0,5504,0,M,29,Charlotte,Cojata,762,169654.57
603,0,1,4618,1,M,36,Keene,Padova,687,69829.4
604,1,0,7820,0,M,38,Nadean,Parys,566,54926.51
605,0,0,7711,1,M,29,Theo,Bolaoit,702,94728.49
606,0,0,9527,1,M,29,Hogan,Manzanares,601,80393.27
607,0,0,7639,0,M,31,Amye,Krabi,699,111307.98
608,0,1,4491,0,F,33,Hatty,Mojo,584,19834.32
609,0,0,2837,1,F,32,Thibaud,Shuanghe,699,78397.24
610,1,1,7919,0,M,43,Inge,Naguilian,698,86410.28
611,0,1,9617,1,M,40,Hadleigh,Hagonoy,495,172749.65
612,1,1,4404,1,M,35,Dana,Féres,650,1002.39
613,0,1,2589,0,M,40,Sadie,Skänninge,605,13601.79
614,1,0,5003,0,M,44,Hedwiga,Stegna,667,77866.91
615,1,1,6971,1,M,33,Reider,Maochen,688,175296.76
616,1,0,6652,0,M,61,Aleta,Monroe,727,121751.04
617,1,1,1266,1,M,29,Luce,Dampek,754,89593.26
618,1,1,1443,1,M,39,Gian,Tumen,612,193437.89
619,1,0,6676,1,M,31,Ricky,Songhae,546,86945
620,1,1,1355,0,F,41,Melissa,Mondoteko,673,183318.79
621,0,1,9465,1,M,36,Warren,Leloboko,593,71154.1
622,1,1,4029,1,M,45,Vaughan,Guling,656,151887.16
623,0,1,6658,0,M,36,Hilda,Yunmeng Chengguanzhen,535,75888.65
624,0,0,5376,0,F,27,Kiele,Mulatupo,678,89566.74
625,0,0,5572,1,F,46,Michail,Pindamonhangaba,477,26475.79
626,0,1,3133,0,F,30,Chickie,El Pino,850,126355.8
627,0,1,9302,1,M,35,Jarret,Vilar do Monte,427,93839.3
628,1,1,8363,1,M,28,Alair,Longquan,752,7698.6
629,1,1,2444,1,M,38,Broddy,Hecun,649,145593.85
630,1,1,6366,0,M,27,Paulina,Sydney,799,45042.56
631,0,1,3973,1,M,34,Bryn,Berlín,589,61108.56
632,0,0,3867,1,M,35,Thorin,Torbeck,583,57553.98
633,0,1,5417,1,F,32,Aldrich,Caromatan,839,62674.42
634,1,1,6382,0,M,32,Aubrette,Przasnysz,540,12120.79
635,1,1,5807,0,M,47,Sophie,Goianésia,850,50129.87
636,1,0,8959,1,M,36,Cliff,Kyŏngsŏng,696,55022.43
637,1,0,4426,0,M,36,Julietta,Pokrovskoye,660,117834.91
638,0,0,6887,1,M,36,Thebault,Palmas,682,168840.23
639,0,1,9921,1,F,44,Janek,Vân Đình,744,24234.11
640,0,0,9206,1,M,42,Nikolas,Celso Ramos,785,190627.01
641,1,0,4588,1,M,29,Cliff,Riangwale,752,156618.38
642,0,1,8664,1,M,28,Shurwood,Notsé,706,42334.38
643,1,1,8281,1,M,41,Adriano,Yueshan,583,110784.42
644,1,1,4485,1,M,31,Adriano,Charlotte Amalie,660,173683
645,0,0,6724,1,M,30,Andras,Kedungdoro,819,27046.46
646,1,0,4729,1,M,34,Hall,Banqiao,673,20598.59
647,0,0,6968,0,M,37,Deena,Arīḩā,752,104991.28
648,0,1,7504,0,M,40,Gussi,Cekcyn,578,8996.97
649,1,0,1089,1,M,35,Caz,Longkali,438,64420.5
650,0,1,4970,0,M,39,Bree,Detroit,652,145700.22
651,0,1,1154,0,M,27,Paloma,Gaohu,629,196335.48
652,0,1,5399,1,F,31,Ricki,Cheongpyeong,720,14781.12
653,0,0,4220,1,M,39,Winfield,Fangtang,668,108139.23
654,0,1,3878,0,F,30,Lorri,Il’skiy,459,19287.06
655,0,0,8451,0,M,26,Charmine,Banjarbaru,729,9567.39
656,0,1,5162,1,M,31,Franklin,Karpogory,498,132210.49
657,0,1,8455,0,M,31,Cathee,Reims,549,21600.11
658,1,1,2365,1,M,34,Ossie,Osypenko,601,199661.5
659,0,1,8275,0,M,29,Minnaminnie,Åmål,544,124341.49
660,1,0,4330,0,F,37,Juana,Berck,751,15766.1
661,0,1,8838,1,M,30,Bren,Yamen,632,33642.21
662,1,1,6715,1,M,32,Aldous,Xiyang,694,117704.65
663,1,0,4369,1,M,31,Worth,Saint-Denis,678,58803.28
664,0,0,3076,0,M,45,Meredith,Vorontsovka,695,137537.22
665,1,1,3857,0,M,48,Stormie,Ashchysay,661,131300.68
666,1,1,4952,1,M,28,Gail,Chicago,661,84174.81
667,0,0,9919,0,M,29,Agnese,Busdi,559,160941.78
668,1,1,3851,0,M,32,Juli,Lincheng,503,143954.99
669,0,0,6720,0,M,36,Marys,Khāsh,695,56297.85
670,0,0,2950,0,M,37,Viva,Gandusari,640,8404.73
671,0,0,3365,1,M,38,Jarib,København,624,30020.09
672,0,1,1729,1,F,31,Guido,Guantouzui,667,58137.42
673,1,0,1504,1,M,46,Owen,Norak,642,47472.68
674,0,0,7507,0,M,34,Jacintha,Benešov,640,19131.71
675,0,0,8862,1,F,36,Mikkel,Gryazovets,529,187288.5
676,0,0,9711,0,M,39,Felisha,Castanheira de Pêra,563,17603.81
677,0,1,4790,1,M,28,Hunter,Japerejo,593,67020.03
678,0,1,4499,1,M,38,Skylar,České Meziříčí,739,147802.94
679,1,1,1496,0,M,51,Anjanette,President Roxas,788,41610.62
680,1,0,2868,0,F,40,Ros,Čapljina,684,44255.65
681,0,1,3060,1,M,29,Gifford,Tama,482,78416.14
682,1,1,2758,1,M,51,Giusto,Cibingbin,591,137254.55
683,0,1,6403,0,M,31,Letta,Sakaiminato,651,151303.48
684,0,0,6080,0,M,32,Ariela,Al Bāriqīyah,749,86333.63
685,1,0,6183,0,M,52,Allyson,Skalbmierz,583,89801.9
686,1,0,7496,0,M,31,Oralee,Dakhla,661,29358.57
687,1,1,2579,1,M,29,Ferdie,Chenji,715,181600.72
688,1,1,1293,1,M,45,Lem,Lanxi,769,124118.71
689,1,0,1788,0,M,32,Gianna,Soritor,625,38867.46
690,1,0,3740,1,M,36,Murvyn,Cruz,641,31106.67
691,1,0,9417,1,M,65,Sky,Grimstad,716,67611.36
692,1,1,8429,1,M,30,Innis,Vilares,767,77837.63
693,1,1,4602,0,M,47,Ilse,Baicheng,745,6078.46
694,1,1,1668,0,M,32,Lucky,Sarangmeduro,589,177896.92
695,0,0,3845,1,F,36,Dalston,Madala,796,123882.73
696,1,0,6076,1,M,34,Duncan,Agía Triáda,664,15304.08
697,0,0,8057,1,M,30,Shannon,Fátima,445,76569.64
698,0,0,9925,0,M,31,Anabella,Thị Trấn Ngan Dừa,543,120657.32
699,1,1,3189,1,M,34,Ingamar,Ambositra,746,16436.56
700,0,0,4538,0,M,30,Daphna,Agnibilékrou,742,107667.91
701,1,1,9930,1,F,30,Fredrick,Roa,750,95611.47
702,1,0,6754,1,M,28,Herbie,Gon’ba,669,19799.26
703,0,0,7782,1,M,39,Skell,Titay,594,123214.74
704,1,0,5967,0,M,45,Rosy,Aban,574,71709.12
705,0,1,5259,0,M,32,Faustina,Lumbac,659,149066.14
706,1,1,8892,1,F,29,Durant,San Pa Tong,750,20451.99
707,1,1,8502,1,M,36,Corbie,Jingling,626,32825.5
708,0,1,8716,0,M,32,Krista,Linköping,620,6232.31
709,0,0,9843,1,M,36,Berton,Kamigyō-ku,580,10357.03
710,0,0,1277,0,M,37,Adorne,Nivnice,686,147794.63
711,0,0,1674,1,F,34,Byrom,Stockholm,540,116973.48
712,0,1,1555,0,F,30,Barbette,Ngadri,634,129964.94
713,0,1,5174,0,F,40,Eleen,Palaihari,632,92816.86
714,1,1,1493,1,M,35,Zane,Wyszogród,501,172114.67
715,0,0,9626,1,M,23,Nico,Mingcheng,650,16649.31
716,0,1,6302,1,M,30,Kipp,Grazhdanka,786,144517.19
717,1,0,6612,1,F,35,Lisle,Pasacao,554,182038.6
718,1,0,5470,1,M,35,Collin,Bacolod,701,24210.56
719,0,1,6291,1,F,68,Marwin,Pandan,474,172175.9
720,0,1,3320,0,M,27,Alecia,Thị Trấn Pác Miầu,621,47578.45
721,0,1,9506,0,F,36,Gilda,Conceição da Feira,672,150694.42
722,1,0,2303,1,M,35,Kerk,Kawerau,459,177683.02
723,0,1,5724,1,M,35,Franz,Oslo,669,66088.83
724,1,1,2282,1,F,31,Virge,Khamyāb,776,169291.7
725,1,1,4128,1,M,32,Elliot,Dammarie-les-Lys,694,117140.41
726,0,1,6950,0,M,38,Winona,Ma’an,787,79510.37
727,1,0,7573,0,M,74,Davita,Shatian,580,77108.66
728,1,1,3582,1,M,27,Ruprecht,Hacıqabul,711,9679.28
729,0,1,2640,1,F,38,Konstantine,Tirlyanskiy,673,81753.92
730,1,0,2031,1,M,44,Natal,Bayanbaogede,499,131372.38
731,0,0,9382,0,F,32,Nananne,Kotablolong,591,25310.82
732,0,1,9812,1,M,28,Kerr,El Salitre,769,187925.75
733,1,1,2312,1,F,32,Stirling,Shangtian,657,98820.39
734,1,0,4750,1,M,29,Nico,Le Mans,738,64166.7
735,1,1,7847,0,M,22,Carmina,Qianzhou,545,176924.21
736,0,0,7099,1,M,36,Beltran,Palmas Bellas,497,90055.08
737,0,1,3518,1,M,36,Lewiss,Mingguang,816,72814.31
738,1,0,5634,0,M,34,Kellyann,Glogovac,525,168290.06
739,0,0,6697,1,M,35,Derk,Dabai,725,161767.38
740,0,1,3505,1,M,32,Charlie,Pandanrejokrajan,692,44420.18
741,0,1,2177,1,M,25,Claybourne,Sidorejo,618,37147.61
742,1,1,3741,0,M,35,Rhodie,Bieqiao,546,125381.02
743,1,1,5108,0,F,35,Carie,Yaodian,635,149853.89
744,0,1,4165,0,M,37,Ilka,Liufu,611,161435.02
745,0,0,7774,0,M,44,Brianna,At-Bashi,650,102925.76
746,1,0,5781,0,M,29,Lane,Kabac,606,70899.27
747,1,0,6978,1,M,27,Darwin,Shuguang,844,145936.28
748,1,0,4068,0,M,25,Faye,Motala,450,54227.06
749,0,1,8450,0,M,35,Elfreda,Paris 19,727,59280.79
750,0,1,1005,1,M,38,Bing,Nol,460,126952.5
751,1,0,4079,1,F,30,Paddie,Vitória,649,130567.02
752,1,0,3205,0,F,28,Brana,Florida,758,73294.48
753,1,1,8226,1,M,40,Hakeem,Sterling,490,3937.37
754,0,1,4276,1,M,29,Caryl,Dunkerque,815,2383.59
755,0,1,1273,0,M,43,Clarita,Batanghari,838,14279.44
756,0,0,2877,1,M,34,Quillan,Sathon,803,141300.53
757,0,0,3189,0,M,33,Camila,Luobei,664,78140.75
758,1,1,6086,1,M,36,Bartholomew,Cimişlia,736,117431.1
759,0,0,1705,0,M,36,Ermina,Sakaidechō,633,72008.61
760,1,0,4001,0,M,30,Olwen,Głubczyce,664,60887.58
761,1,1,2578,1,M,53,Thedrick,Mengjia,600,194764.83
762,1,0,8835,0,F,31,Blondell,Maagnas,693,88705.14
763,1,0,2070,1,F,34,Kip,Klwów,663,35817.97
764,0,0,9604,1,F,31,Kylie,Montpellier,742,31520.4
765,0,0,3462,0,M,32,Scarlett,San Antonio,710,157908.19
766,1,0,2514,1,M,48,Edouard,Boyuibe,710,142200.15
767,0,1,8607,1,F,27,Morgun,Alor Setar,700,182055.36
768,1,1,9665,1,M,26,Ned,Bang Klam,720,157552.08
769,0,1,5864,1,M,39,Merill,Ganyesa,684,120284.67
770,0,0,8585,1,F,42,Amory,Ḩawallī,531,24506.95
771,1,1,7943,0,M,39,Rosamund,Lichtenburg,742,47271.61
772,1,0,8108,1,M,30,Alwyn,Sakai-nakajima,717,41176.6
773,1,0,3036,0,M,37,Germaine,Aguas Verdes,589,9468.64
774,0,1,3149,1,M,36,Dagny,Jammāl,767,123880.19
775,1,0,2711,0,M,26,Alysa,Itami,636,158887.09
776,0,1,6870,0,M,30,Jennifer,Itupiranga,648,117036.38
777,1,1,9821,0,M,41,Tracee,Severo-Yeniseyskiy,622,120415.61
778,0,0,5830,1,M,32,Wolfgang,Myślenice,692,16064.25
779,1,1,3957,1,M,31,Odell,Sulang Tengah,754,52615.62
780,0,0,9663,1,M,28,Isidoro,Caomiao,679,121210.09
781,1,1,4796,1,M,28,Angeli,Yangi-Nishon Shahri,639,192247.35
782,1,0,8237,1,M,30,Alfy,Pitanga,774,68759.57
783,0,0,6187,0,M,57,Ebony,Lachowice,517,75937.47
784,1,1,6617,0,M,37,Desiree,Gjinkar,571,84569.13
785,0,0,7050,0,M,32,Giorgia,Setaka,747,190696.35
786,1,1,5081,1,M,33,Godfree,Tétouan,792,67468.67
787,1,0,1012,0,F,38,Nedi,Aoji-ri,688,104435.94
788,0,0,9505,1,F,32,Bradney,Novo Hamburgo,714,47166.55
789,0,1,5488,1,M,38,Garold,Bunog,562,119899.52
790,0,0,1602,0,M,62,Darby,Goseong,704,173498.45
791,1,1,1411,0,M,37,Nancie,Tomobe,698,93249.26
792,1,0,2535,1,M,30,Sauncho,Kościerzyna,611,142917.54
793,0,1,7399,0,M,32,Bobbie,Hekou,850,111755.8
794,0,0,1471,1,M,32,Dimitry,Al Bāriqīyah,743,108543.21
795,1,1,5573,0,M,26,Shalna,Ruchihe,654,180345.44
796,0,0,4582,0,M,29,Elmira,Pantaibesar,761,99444.02
797,0,1,9323,1,M,24,Merrill,Haguimit,702,109563.28
798,0,0,8626,1,M,27,Reinwald,Borabue,488,92568.07
799,0,1,7707,1,M,37,Mortie,Washington,683,37976.36
800,0,0,3748,0,F,43,Bonni,Sukadami,601,103315.74
801,1,1,1341,0,M,43,Aviva,Jiakexi,605,173952.5
802,1,1,4493,1,M,38,Freeman,Jinhu,671,34673.98
803,0,1,4772,1,M,35,Staford,Panaytayon,614,46163.44
804,0,1,7583,0,M,42,Dallas,Roches Noire,511,140676.98
805,1,1,1847,0,M,39,Dionne,Peñal,850,151738.54
806,1,0,1965,0,F,36,Oliy,Kozhva,790,14679.81
807,0,0,7970,0,M,48,Vitoria,Krajansumbermujur,793,175544.02
808,0,1,8729,0,M,43,Anny,Mooirivier,628,181964.6
809,0,0,1260,0,M,45,Victoria,Chengshan,598,136886.86
810,0,1,7031,1,F,29,Armstrong,Corozal,657,122218.23
811,0,0,2768,1,M,34,Dukey,Plácido de Castro,618,180439.75
812,0,0,1013,0,F,36,Arliene,Rozwadza,681,190419.81
813,1,1,5239,1,M,33,Dominique,Ziyang,516,58685.59
814,1,1,5476,1,M,26,Teador,Zgornje Pirniče,421,89017.38
815,1,1,9675,0,F,40,Lethia,Karanggeneng,700,50051.42
816,0,0,7775,1,M,26,Barrie,Xinglong,745,146041.45
817,0,1,2397,1,F,30,Levy,Sandefjord,696,191166.09
818,0,1,9591,1,F,45,Sandro,Magoúla,580,103516.08
819,1,0,5353,0,M,30,Charil,Babak,497,164825.04
820,0,1,1768,0,F,34,Helen,Gayam,720,172557.77
821,1,1,5530,1,M,36,Tanner,Vrtojba,659,84320.94
822,1,0,1025,1,M,41,Pascale,Xianlong,841,122662.98
823,0,0,8675,0,F,28,Gavra,Kungälv,642,72085.1
824,0,1,3752,0,M,36,Frayda,Praya,732,110932.24
825,1,1,9525,1,M,35,Isaac,Limonade,600,143635.36
826,1,0,5552,1,M,39,Baxter,Obikiik,464,3710.34
827,1,1,8538,0,F,29,Vanda,Vingåker,680,179843.33
828,0,1,9695,1,M,28,Reynard,Nanyi,758,10643.38
829,0,0,2159,1,M,35,Cozmo,Qinglung,630,131167.98
830,0,0,4706,1,M,24,Alvy,Guarapuava,577,10553.31
831,1,0,9384,1,M,37,Sheffield,Sambava,684,130928.22
832,0,1,1134,0,M,36,Shina,Susoh,708,157003.99
833,0,0,8256,0,F,34,Jacquenetta,Longshan,732,138527.56
834,0,1,1464,1,M,39,Torre,Bariri,634,167032.49
835,0,0,4813,1,M,32,Winnie,Noyal-sur-Vilaine,633,41642.29
836,0,0,7270,1,M,26,Dal,Malabang,559,9677
837,0,1,6119,0,F,40,Annamarie,Buritis,694,147012.22
838,1,1,2850,1,M,32,Francesco,Bagnères-de-Bigorre,686,80553.87
839,0,0,2564,1,F,36,Otho,Sasykoli,553,30730.95
840,1,1,8079,1,M,33,Husain,Artsvaberd,507,140134.43
841,1,0,2624,0,M,38,Dyann,Tucupita,732,91936.1
842,1,0,7357,1,M,62,Kaine,Longshe,818,178252.63
843,0,0,9244,0,F,33,Leoline,Futang,660,198674.08
844,0,1,8735,0,M,34,Linda,Antonina,773,28266.9
845,1,0,7202,1,F,49,Iosep,Villa Francisca,640,92381.01
846,0,1,9255,0,M,35,Anica,San Antonio,505,135180.11
847,1,0,6774,1,F,29,Drake,Loakulu,714,27330.59
848,0,0,1407,1,M,31,Gustaf,Pamplona/Iruña,468,125305.34
849,1,1,6616,1,F,29,Washington,Saint-Cloud,611,149648.45
850,0,0,9410,0,M,35,Mureil,Luzern,705,59887.15
851,0,1,3359,0,F,31,Billye,Kulpin,646,45041.32
852,0,1,9908,1,F,33,Garrett,San Juan de Mata,667,113316.77
853,1,1,7865,0,M,30,Antonia,Nashville,511,39087.42
854,1,0,4363,0,M,36,Christie,Jaguarari,653,7330.59
855,1,1,9653,1,M,36,Eduino,Stare Pole,675,95463.29
856,1,1,6179,0,M,28,Hannie,Singkup,523,167848.02
857,1,0,9285,1,F,36,Herbert,Topi,567,93953.84
858,0,0,3559,1,M,35,Arnuad,Shuishaping,741,174227.66
859,1,1,3329,1,M,33,Dugald,Zernograd,456,135399.21
860,1,1,5981,0,M,39,Adriena,Girsereng,598,195635.3
861,1,1,3940,1,M,30,Andrey,Nicasio,667,97508.04
862,1,0,8490,1,M,42,Karlens,Sulęcin,548,188083.77
863,0,1,2493,1,M,36,Morie,Siem Reap,725,116704.25
864,1,0,2467,1,M,45,Jarid,Cavaillon,717,97614.87
865,0,0,2897,1,M,40,Abram,Schieren,594,186884.04
866,1,0,2612,0,M,33,Ashleigh,Noisy-le-Grand,678,131501.72
867,0,0,8942,1,M,33,Bertie,Shanxia,545,24302.95
868,0,0,9827,0,M,33,Dix,Pyetrykaw,636,110510.28
869,1,1,2977,1,M,25,Darius,Bang Bua Thong,603,108488.33
870,1,0,1731,0,F,45,Austina,Qixing,435,197015.2
871,1,1,5541,1,F,46,Ber,Uchkeken,535,27689.77
872,1,0,9419,0,M,32,Marleah,Boracéia,629,9217.55
873,1,1,3850,0,F,30,Elva,Jambangan,722,15068.18
874,0,1,4046,1,M,29,Borden,Minnedosa,561,7797.01
875,1,0,4871,0,M,48,Nelie,Raman,645,4400.32
876,0,0,6808,0,M,36,Melinde,Sukorejo,501,182025.95
877,0,0,5516,0,M,31,Hanny,Jianggu,502,122763.95
878,0,1,1670,1,M,33,Murvyn,Jagüey Grande,652,38152.01
879,0,0,9732,1,M,33,Chick,Furongqiao,574,63163.99
880,0,1,1089,1,M,32,Fee,Selaphum,518,73418.29
881,0,1,9574,0,M,40,Rahel,Vary,749,17978.68
882,0,1,8143,1,M,67,Eldredge,Amagasaki,679,115136.51
883,0,0,8982,0,F,31,Gus,Kebon,565,149575.59
884,0,1,8515,1,F,36,Meier,Luopu,643,60917.24
885,1,0,1625,1,F,36,Smith,Kuaro,515,142548.33
886,1,0,2737,1,F,29,Luigi,Anin,521,157878.67
887,0,0,5717,0,M,49,Tommie,Santa Tecla,739,12796.43
888,0,0,3506,1,M,29,Roderich,Lisewo,585,18657.77
889,1,1,2143,1,M,33,Hort,Tubualá,733,134589.58
890,0,0,8519,0,M,32,Ruthanne,Taltal,542,10350.74
891,1,0,4746,1,F,41,Neron,Gainesville,788,66013.27
892,1,0,1993,0,F,33,Hedwig,Lao Suea Kok,435,5907.11
893,1,1,1457,0,M,30,Latia,Maastricht,577,74077.91
894,1,1,3411,0,M,31,Tamera,Tengah,703,77294.56
895,1,0,8984,1,F,36,Thadeus,Gang,728,54359.02
896,0,0,2218,0,M,33,Trisha,Mollas,728,156124.93
897,0,0,1888,1,M,36,Enrico,Dajasongai,718,94820.85
898,1,0,6946,0,M,36,Melita,Al Karāmah,621,155155.25
899,0,1,8027,1,M,32,King,Baytā al Fawqā,523,128702.1
900,0,1,8533,1,M,37,Loren,Chonghe,657,22745.5
901,0,0,8561,0,M,27,Bessie,Liuche,727,71865.31
902,1,0,3480,0,M,27,Dorry,Thị Trấn Hùng Quốc,643,84294.82
903,0,0,2718,1,M,40,Nels,Pontalina,645,149139.13
904,1,1,7786,1,F,33,Cornell,Lamduan,568,185489.11
905,0,0,2512,0,M,33,Elysha,Wang Saphung,599,176407.15
906,0,0,3105,1,M,42,Andrus,Kazo,672,92027.69
907,0,1,4142,1,M,31,Noby,Cienfuegos,685,43932.54
908,1,1,6338,0,F,27,Grier,Jiangwei,516,115789.25
909,1,1,8679,0,M,51,Ealasaid,Eindhoven,685,125777.28
910,1,1,1385,1,M,39,Erie,Jakubów,806,18461.9
911,1,1,2364,0,M,36,Gerianna,Kemiri,604,79633.38
912,1,1,9577,0,M,32,Josephina,Nouvelle France,648,121542.29
913,1,0,4926,1,M,25,Knox,Sancha,545,94739.2
914,0,0,3069,0,M,35,Melli,Awka,756,93302.29
915,1,0,4125,1,M,31,Kiley,Shikeng,569,193793.78
916,0,0,4532,0,M,50,Sindee,Turija,596,74835.65
917,0,0,1879,1,M,33,Travers,Mananara,475,56999.9
918,1,1,4159,0,M,30,Frank,Higashine,646,57236.44
919,1,1,3116,1,M,28,Lefty,Hammam Sousse,784,81483.64
920,1,1,3571,0,M,38,Evangelia,Zhongzuiling,552,26752.56
921,1,0,3920,0,M,34,Corabel,Baryshevo,729,9200.54
922,1,0,9333,1,F,30,Smith,Queimados,609,22447.85
923,1,1,8912,1,M,39,Edouard,Al Manzilah,555,189122.89
924,1,1,1701,0,M,34,Elonore,Sibubuhan,572,16161.82
925,0,1,9482,0,M,36,Candy,Bima,785,68600.36
926,1,0,6848,1,M,34,Giusto,Sendangagung,714,447.73
927,1,0,6912,0,F,32,Ray,Los Cedrales,738,15650.73
928,0,0,3916,0,M,34,Marion,Summerland,639,149599.62
929,0,1,3802,0,M,43,Madelene,Combita,520,90304.01
930,0,1,1468,1,M,33,Nickolaus,Baishui,764,115676.38
931,0,1,4713,0,M,53,Moreen,Fengshan,661,38812.67
932,1,1,4934,0,M,35,Cordy,Real,564,34338.21
933,1,0,8528,0,M,43,Arielle,Nishishinminato,708,823.36
934,1,0,2310,1,M,36,Currey,Łubowo,512,135482.26
935,1,0,4913,0,M,37,Lurleen,Korniyivka,592,10656.89
936,0,1,4789,1,M,47,Bronny,Teresa,619,116467.35
937,1,0,4846,0,F,30,Susan,Bagong Barrio,775,96823.32
938,1,0,3549,0,F,73,Violante,Rancagadog,850,171096.2
939,0,0,8205,1,M,42,Yancey,Yuecheng,577,79881.39
940,1,1,1184,0,M,38,Judi,Zhanping,724,157862.82
941,1,0,2508,0,M,32,Ambur,General Lavalle,710,127951.81
942,1,0,5725,0,M,38,Micheline,Birmingham,696,191074.11
943,1,0,5100,0,M,37,Leticia,Ar Rawnah,376,157333.69
944,1,0,2865,1,M,35,Frederich,Mudian,675,133457.52
945,1,0,2893,0,M,44,Allyce,5 de Mayo,745,130789.6
946,1,0,9936,0,M,36,Leontyne,Poja,697,128373.88
947,1,0,9910,0,F,35,Leia,Jingmen,599,194273.2
948,1,0,8186,0,M,34,Manda,San Vicente,715,5684.17
949,0,1,1705,0,M,47,Theresa,Wissembourg,659,131043.2
950,1,1,9533,0,M,30,Lorelei,Donabate,684,21228.34
951,1,0,8947,0,M,35,Aurel,Danilov,635,43250.3
952,0,1,6359,1,M,34,Francisco,Maroua,789,4389.4
953,1,1,7499,0,M,44,Gael,Lacolle,571,189271.9
954,0,0,7030,0,M,40,Lilla,Changtang,694,102284.2
955,1,1,3072,1,M,26,Clemens,Tiron,665,156774.94
956,1,1,4765,1,M,35,Jethro,Krasnyy Oktyabr’,706,69865.49
957,0,0,7096,1,M,51,Taddeo,Świeradów-Zdrój,807,85523.24
958,1,1,1127,0,M,36,Gail,Yezhu,771,51219.8
959,1,0,9853,0,M,36,Marla,Tayginka,531,7222.92
960,0,1,9111,0,M,44,Lanni,Wārāh,629,23971.33
961,1,0,4288,1,M,30,Harvey,Mikun’,850,132173.31
962,0,0,6346,0,M,36,Tami,Unden,685,113639.64
963,0,1,2633,1,M,28,Wesley,Ust’-Labinsk,642,39768.59
964,0,0,4009,1,M,45,Alwin,Rrapë,529,108732.96
965,1,1,6633,1,M,32,Valentine,Gaoliang,683,117349.19
966,0,0,5873,1,M,34,Franciskus,Saint-Maurice,663,78004.5
967,1,0,8175,0,M,35,Perle,São João das Lampas,563,152417.79
968,1,1,4195,0,M,40,Bonnee,Stoszowice,637,26057.08
969,0,0,7180,1,M,39,Ignazio,Hongxi,544,79972.09
970,0,1,9214,0,F,40,Tania,Yingzhou,649,107125.79
971,0,0,1721,0,F,31,Faina,Houston,638,47679.14
972,1,0,6740,0,M,36,Shelagh,Seattle,723,134509.47
973,1,1,1788,1,F,44,Bradford,Jingyang,635,153265.31
974,0,1,6372,0,M,35,Bab,Otoka,750,179883.04
975,1,1,5854,0,M,31,Georgina,Naprawa,730,138882.98
976,0,0,7188,0,M,38,Dulcy,Megalochórion,750,9855.81
977,1,0,5214,0,F,41,Xylina,Lyubech,586,67046.83
978,0,1,4255,1,M,34,Archaimbaud,Houjia,520,56388.63
979,1,1,1179,1,M,42,Roland,Guangang,652,77764.37
980,0,0,6401,0,M,42,Ginger,Chuquitira,550,130590.35
981,1,1,5229,1,M,31,Mick,Fatuhilik,594,151912.49
982,0,1,8088,0,M,30,Brynna,Lom Sak,749,151083.8
983,1,0,3788,1,M,36,Innis,Vylkove,668,777.37
984,1,0,4589,0,M,36,Guillemette,Osoyoos,614,69454.24
985,0,0,2783,0,M,28,Latrena,Trucuk,773,11723.57
986,1,0,5830,1,M,43,Lindon,Asadābād,551,91565.25
987,1,0,6016,1,F,33,Brnaba,Vigan,566,79616.37
988,1,1,5285,0,M,28,Meggi,Kasese,569,102299.81
989,0,0,7510,0,F,36,Chrysler,Kimhae,659,104533.51
990,1,1,6033,0,M,41,Anitra,Bogorejo,722,140765.57
991,1,1,7391,0,F,39,Nanette,Pedreira,655,66214.13
992,0,0,5555,0,M,31,Toinette,Dobczyce,615,139816.1
993,1,0,2776,0,M,53,Isa,Bayeux,752,140139.28
994,0,1,7393,0,M,37,Karina,Moshkovo,661,102297.15
995,0,0,8006,1,F,34,Pip,Satte,838,145765.83
996,0,0,2598,0,M,33,Brittne,Salaza,610,83912.24
997,1,0,6843,0,M,32,Kalinda,Danderyd,811,78439.73
998,1,0,1903,0,M,27,Danny,Nowa Ruda,587,6776.92
999,0,1,8471,1,M,26,Kleon,Zhangguanying,811,9903.42
1000,1,0,6073,1,M,34,Ludovico,Canghou,759,91561.91
1001,0,0,3101,0,M,41,Melisandra,Shenavan,648,4027.02
1002,0,0,5426,0,M,62,Idaline,Shubenka,788,116111.51
1003,1,1,7448,0,F,32,Risa,Chowṉêy,725,184023.54
1004,1,0,4791,0,M,50,Oliy,Pakxong,646,67124.48
1005,0,0,8735,1,M,30,Gerhard,Ardazubre,601,50070.59
1006,1,1,1622,1,M,31,Danie,Moñitos,521,53793.1
1007,1,0,3858,1,M,27,Orin,Marte,561,45261.47
1008,0,1,9299,1,M,34,Hebert,Nomhon,564,36721.4
1009,0,0,7895,1,M,29,Reuven,Kauhava,444,130009.85
1010,1,1,3108,1,M,35,Bertram,Daixi,650,175380.77
1011,1,1,3902,0,M,41,Anne-marie,Novyye Kuz’minki,724,127847.25
1012,1,0,4749,0,M,39,Genevieve,Grabów,719,138231.7
1013,1,0,8933,1,F,36,Adler,Wujiayao,548,48673.18
1014,1,0,2855,1,M,37,Stanton,Créteil,635,70668.77
1015,0,0,7559,0,M,36,Mathilde,Ustupo,496,199505.53
1016,1,1,7771,0,M,28,Sharlene,Tuquan,676,169583.18
1017,1,0,9779,1,F,37,Wally,Kamenka,541,49063.42
1018,1,0,6857,0,F,75,Clementina,Negotino,778,63337.19
1019,0,0,1020,1,M,37,Adriano,Hengli,850,60083.11
1020,0,1,3941,1,M,37,Thaddus,Kigoma,633,48606.71
1021,1,1,3672,1,M,47,Ethelred,Kunashak,625,165580.93
1022,0,1,6677,1,M,37,Dorey,Voloka,485,194010.12
1023,0,1,6907,1,M,32,Jeffry,Suklayin,547,69263.1
1024,1,1,9483,1,F,52,Guntar,Tange Zhen,642,88698.83
1025,0,0,3971,0,M,37,Roselle,Quilo-quilo,718,63030.97
1026,0,1,5080,1,M,35,Merwyn,Puteaux,582,59668.81
1027,1,1,6242,0,M,33,Clarissa,Trubchevsk,628,184230.23
1028,0,1,9241,1,M,33,Torey,Xiaochengzi,737,64050.19
1029,1,1,1950,0,M,28,Maurizia,Rāvar,828,81853.98
1030,1,0,4337,1,F,37,Vincents,Krajan Craken,609,154642.91
1031,1,1,8259,0,M,30,Geraldine,Frederiksberg,730,145679.6
1032,1,0,4403,1,M,44,Jackie,Taiping,631,30781.77
1033,1,0,6092,1,M,40,Ches,Gualeguaychú,830,81622.52
1034,0,0,7365,0,F,31,Wilie,Mississauga,645,196474.35
1035,0,0,3915,1,M,40,Hadley,Ipoh,663,176276.1
1036,0,1,7437,1,M,35,Boyce,Qianfoling,678,35113.08
1037,0,0,7150,0,F,32,Victoria,Sovetskiy,521,64299.82
1038,1,0,7991,0,M,28,Kesley,Igbeti,625,180969.55
1039,1,1,7560,0,M,31,Kori,Bohus,523,138176.78
1040,0,0,6893,1,M,36,Evelin,Arcachon,714,86733.61
1041,0,0,6317,1,F,36,Burtie,Pŭrvomaytsi,580,7418.92
1042,1,0,8919,1,M,36,Kennie,Kamalaputi,722,166376.54
1043,1,0,8749,0,M,37,Malissia,Hrvatini,630,140881.2
1044,0,1,4602,1,M,26,Briant,Ganja,579,4460.2
1045,0,1,7241,1,M,30,Bendicty,Hongde,670,110472.12
1046,0,0,2806,0,M,30,Sibbie,Panitian,588,86460.28
1047,1,0,1404,1,M,43,Lucius,Maralal,807,16500.66
1048,0,1,3404,0,F,33,Arleyne,Paradahan,726,114020.06
1049,0,0,1314,0,M,36,Arleen,Kanzaki,812,131660.31
1050,0,0,7507,0,M,37,Katalin,Shangrao,631,52449.62
1051,0,0,3831,1,M,31,Andreas,Bojen Kulon,682,161465.31
1052,1,1,2588,0,F,29,Malorie,Bouça,625,20018.79
1053,1,1,7949,0,M,32,Arleyne,Jolo,607,176318.27
1054,1,0,8264,0,F,41,Jeannie,Aoyang,600,50488.91
1055,0,0,2236,1,M,32,Godart,Kafachan,602,30379.6
1056,0,1,2628,0,M,39,Olympe,Ljungby,545,161326.73
1057,0,0,4306,1,M,29,Mile,Séguéla,675,45348.08
1058,1,0,6666,0,M,36,Dion,Enskede,581,180251.68
1059,1,1,8151,1,M,41,Sheppard,Gakem,640,34925.56
1060,0,0,7312,0,F,64,Larissa,Mbaké,850,126555.74
1061,1,1,5301,1,F,38,Den,São José dos Pinhais,490,187921.3
1062,0,0,4988,0,M,37,Birgitta,Sidoger Lebak,710,136390.88
1063,0,1,7876,0,F,38,Natalina,‘Alīābād-e Katūl,613,78566.64
1064,0,0,3267,1,M,45,Cheston,Dongjiao,812,166038.27
1065,0,0,5377,1,M,50,Leupold,Atyrá,723,140385.33
1066,0,1,4843,1,F,36,Andrej,Noen Maprang,512,38629.3
1067,1,1,6548,0,M,31,Rubina,Trinity,731,24998.75
1068,0,1,2193,0,M,25,Gloriane,Akita Shi,650,128815.33
1069,1,1,9865,1,F,31,Krisha,Phu Loc,594,19376.56
1070,0,0,4888,0,F,50,Sula,Žďár,844,31904.31
1071,1,0,2779,1,M,45,Buddie,Rostov-na-Donu,686,173179.79
1072,0,1,1276,0,M,35,Celinda,Rubiataba,695,22485.64
1073,1,0,2305,0,F,78,Joye,Xinji,624,196668.51
1074,0,0,4377,1,F,37,Emmanuel,Basqal,503,136506.86
1075,0,0,9296,1,F,35,Broddy,Obršani,535,36278.89
1076,0,0,7108,0,M,30,Sheilah,Keda,743,163254.39
1077,0,1,5470,0,M,25,Wren,Geita,702,99654.13
1078,0,1,9254,1,M,28,Caz,Bradag,658,20207.02
1079,0,1,2730,1,M,34,Nappy,Lluka e Eperme,677,4195.84
1080,1,0,9534,0,M,29,Joeann,Ḩuraytān,664,112340.2
1081,1,1,5197,0,M,38,Erminia,Bol’shoye Selo,766,2035.94
1082,0,1,4418,0,M,33,Darcy,Huangqi,461,132295.95
1083,0,1,2724,1,M,31,Findley,Longhuashan,688,177383.68
1084,1,1,9434,0,F,29,Jandy,Santa Catarina Ixtahuacán,678,90284.47
1085,0,1,1952,1,M,40,Angie,Independencia,796,61349.37
1086,1,0,9342,0,M,50,Mella,Phan Thong,803,196466.83
1087,1,1,3052,0,F,43,Idaline,Aghsu,712,70758.37
1088,0,1,7227,1,M,57,Siegfried,Sabandia,498,13892.57
1089,0,0,9670,0,F,59,Milli,Jing’an,850,9684.52
1090,0,1,2381,1,M,26,Darn,Lubochnia,628,40546.15
1091,0,1,2118,0,M,33,Linnea,Olhos de Água,539,136603.42
1092,1,0,2119,0,F,43,Ginelle,Pataias,732,133172.48
1093,1,0,4088,1,M,26,Evyn,Umingan,715,152821.12
1094,1,1,3382,0,M,32,Almira,Triesenberg,651,147715.83
1095,1,1,6765,0,F,45,Bonita,Mirecourt,813,43169.15
1096,0,0,1491,0,F,37,Bibby,Omutninsk,692,76755.99
1097,1,0,6930,0,M,30,Martie,Vilarinho da Castanheira,756,73406.04
1098,1,0,9322,0,F,31,Yetty,Cabanaconde,543,176728.28
1099,0,0,5272,0,M,43,Annalise,Kireyevsk,790,98309.27
1100,0,0,9422,0,M,31,Kirsten,Xinhui,494,6203.66
1101,0,1,7871,0,F,37,Barby,Bojong,850,176791.27
1102,1,0,3900,0,M,27,Melantha,Yangce,703,50679.48
1103,1,0,9068,0,M,34,Loni,Gaoqiao,432,150580.88
1104,0,0,2906,0,M,32,Darline,Batiovo,512,80120.19
1105,0,1,2284,1,M,38,Halsy,Zhonghouhe,589,151645.96
1106,1,0,3366,1,M,45,Der,Buenos Aires,514,55072.32
1107,1,0,3988,0,M,39,Goldi,El Capulin,678,115068.99
1108,1,0,9283,0,F,34,Myrtie,Fulnek,420,149471.13
1109,0,1,2044,0,M,35,Dorothy,Coripata,679,46522.68
1110,1,0,4689,1,F,30,Spence,Weiyang,595,189995.86
1111,1,0,1763,1,M,35,Oswald,Bāsawul,713,46369.57
1112,0,1,8382,1,F,39,Quent,Wongka,833,30722.52
1113,0,1,1319,0,F,31,Audre,G’uzor,690,70810.6
1114,0,0,4813,1,M,39,Rowen,Żabbar,731,106663.46
1115,1,0,7622,1,M,44,Marc,Galis,608,175836.03
1116,1,0,9832,1,M,26,Rollo,Aioi,479,85646.41
1117,0,0,3006,1,M,43,Bay,Nantang,519,101485.72
1118,0,1,6885,0,M,31,Xylina,Rappang,731,191734.67
1119,1,0,3827,0,M,36,Rosana,Wolfville,617,101839.77
1120,0,1,7038,1,M,27,Antonius,Shanggan,756,4888.91
1121,0,0,9025,1,M,28,Shanan,Phu Luang,848,193132.98
1122,1,1,7852,0,F,57,Chere,Bandarbeyla,809,193518.76
1123,1,1,6409,1,M,53,Artemus,Huancheng,698,93982.02
1124,0,1,4504,1,M,36,Carter,Wyszków,779,197000.92
1125,0,0,2700,0,F,26,Lilly,Zürich,606,106837.06
1126,0,0,1459,0,M,31,Wileen,Puncakwangi,612,115161.28
1127,0,1,5079,0,M,42,Marissa,Oslo,663,196260.3
1128,0,0,6995,1,M,35,Miner,Cikaduen,549,96404.38
1129,1,0,4623,0,F,52,Brittney,Kafr Dān,675,97658.66
1130,0,1,7085,0,M,33,Willyt,Shewopo,669,49108.23
1131,1,1,9046,0,M,36,Eleonore,Pochinki,571,195651.66
1132,1,1,1306,1,F,43,Hirsch,Tiantai Chengguanzhen,500,111698
1133,0,0,5424,0,F,28,Merlina,Bagong Sikat,628,171707.93
1134,0,0,2613,1,M,41,Baudoin,Jiyukou,559,66721.98
1135,1,1,8135,0,M,39,Georgena,Pedro García,769,57876.05
1136,0,0,9412,1,M,39,Buddy,Wangcao,733,177994.81
1137,1,1,8304,1,F,40,Marcellus,Ashkāsham,750,105125.65
1138,0,1,3197,0,M,31,Marni,Getung,583,17439.66
1139,0,1,9336,0,M,62,Marys,Dadong,468,172668.39
1140,0,1,8397,0,F,33,Lezlie,Łaskarzew,727,753.37
1141,0,0,9646,1,M,31,Anatollo,Blantyre,618,98686.4
1142,1,0,2821,1,M,28,Simmonds,Garzón,617,107047.92
1143,0,0,2310,0,F,34,Cindy,San Luis,793,152153.74
1144,1,1,2808,0,M,47,Nertie,Lautaro,630,34338.04
1145,0,1,4540,0,M,38,Brenda,Krzyżanowice,765,173878.87
1146,0,0,3446,1,M,45,Chaunce,Port-aux-Français,546,159254.29
1147,0,1,3587,1,M,36,Arlin,Khomutovo,614,54776.64
1148,0,1,9484,1,M,57,Kenny,Ramon Magsaysay,593,134594.99
1149,0,0,5126,0,F,32,Sascha,Taranovskoye,613,41724.72
1150,0,0,1733,1,M,36,Skell,Ozëry,655,110527.71
1151,0,0,2700,1,M,36,Dallon,Evansville,700,8996.79
1152,1,1,8090,0,M,35,Gisela,Malekān,826,190200.53
1153,0,1,8164,0,F,29,Cristie,Pilar,652,115333.43
1154,1,0,7669,0,F,29,Cassy,Vessada,755,143619.52
1155,1,0,9638,1,M,40,Warden,Shenavan,538,58467.08
1156,0,1,8671,1,M,57,Caesar,Kadubincarung,729,12128.69
1157,1,0,8792,1,M,37,Larry,Chuanpu,615,49872.33
1158,0,0,9410,0,F,30,Kiley,Tharyarwady,700,139735.54
1159,0,1,2692,0,M,30,Harri,Viñales,434,60891.8
1160,1,1,8473,1,M,30,Inness,Bayang,729,100862.54
1161,1,1,7264,1,M,28,Hadleigh,Trang,513,76640.29
1162,0,1,2499,0,M,36,Consolata,Ponta do Sol,755,126013.58
1163,1,0,6599,1,F,27,Benn,San Andrés,615,87347.82
1164,0,1,3423,0,M,44,Diahann,Kuala Lumpur,747,77370.37
1165,1,1,9661,0,F,27,Wini,Senggapi,850,62722.44
1166,1,0,3981,0,F,70,Naomi,Chanthaburi,712,196257.68
1167,1,0,7481,0,M,43,Betsey,Norberg,622,81723.8
1168,0,1,9468,0,M,28,Gypsy,Pizhanka,548,31299.71
1169,1,0,4527,1,F,26,Alexio,Jinbo,607,63495.86
1170,1,1,5907,1,M,31,Eric,Nyagan,653,166520.96
1171,1,1,1039,1,M,32,Jerrie,Psevdás,699,150242.44
1172,1,0,2562,1,F,43,Udale,Berbérati,693,27345.18
1173,0,0,9838,1,F,46,Godfree,Patria,647,87000.39
1174,0,0,7174,1,M,50,Edsel,Al Ḩāḑir,478,44912.7
1175,1,0,2278,1,M,50,Corey,Thị Trấn Cao Lộc,705,179978.68
1176,1,1,2555,0,M,36,Lanny,Enhe Hada,719,145759.7
1177,1,1,3713,1,M,26,Elsworth,Suban,726,14121.61
1178,0,1,6910,0,M,41,Hildagarde,Banggel,626,66232.23
1179,0,1,9211,0,F,45,Calla,Beylagan,552,190296.76
1180,1,0,9121,0,M,37,Cassi,Uenohara,807,172782.69
1181,0,0,6441,1,M,37,Bevin,Labuhansumbawa,621,99128.13
1182,1,1,3291,1,M,41,Sander,Jingkou,651,178341.33
1183,1,1,3941,1,F,35,Ellis,Luojiang,673,146992.24
1184,1,1,9236,1,M,39,Matthieu,Ryazhsk,652,151314.98
1185,0,1,6629,0,M,34,Renate,Haibara,584,92915.84
1186,0,1,1426,0,F,31,Tybi,Chenyang,756,58974
1187,1,1,2491,1,F,33,Finlay,Youxi,670,174627.06
1188,0,1,1724,0,M,31,Gerrie,Huesca,765,79579.94
1189,0,1,3967,0,F,30,Cosetta,Baikui,528,50771.16
1190,0,0,2348,0,M,30,Beryl,Vila Nova Sintra,701,153537.55
1191,0,0,2818,0,M,39,Vina,Sundbyberg,797,132975.39
1192,1,0,7799,1,M,40,Cobby,Akouda,639,85208.93
1193,0,1,4349,0,F,36,Yolanda,Sollefteå,785,170214.82
1194,1,0,1688,0,M,41,Marjie,Shuangbaiyang,363,100615.14
1195,0,0,5131,1,M,34,Panchito,El Corozo,764,186105.99
1196,0,1,4999,0,M,33,Ardra,Koryčany,676,55119.53
1197,0,0,7580,0,M,38,Blaire,Vaasa,718,28760.99
1198,0,1,8103,1,M,42,Othello,Lahuaytambo,590,171021.44
1199,0,0,2472,1,M,31,Bartholomew,Beausejour,584,176678.72
1200,0,1,9402,1,M,27,Buddy,Qal‘at al Andalus,645,28667.56
1201,1,0,3365,0,M,66,Claretta,Pétionville,772,197238.03
1202,0,0,6512,1,F,35,Tanner,Sundsvall,399,139994.68
1203,0,0,3265,0,M,66,Tarah,Chaodi,529,151169.83
1204,1,0,9918,0,M,34,Cary,Bagé,463,118113.64
1205,1,1,7773,1,M,36,Kendrick,Vilarinho,630,34453.17
1206,0,1,2743,1,M,43,Titos,Jawf al Maqbābah,780,64872.33
1207,1,1,3070,1,F,35,Thorndike,Okrouhlice,584,10956.82
1208,0,0,7383,1,F,32,Dionysus,Urrao,752,36885.85
1209,0,0,8046,0,M,28,Dinnie,Lukou,697,168053.4
1210,1,0,6862,0,F,44,Mary,Nanxinxiang,850,155227
1211,0,0,3339,0,F,89,Roxanne,Xiangshan,711,38409.79
1212,1,1,7267,0,M,34,Janean,Ol Kalou,452,75279.39
1213,0,1,7401,0,F,37,Mirilla,Dasheng,610,158302.59
1214,1,1,3454,1,F,34,Ronny,Leonárisso,694,11525.72
1215,1,1,7051,1,M,38,Dorian,Bromma,579,94993.04
1216,0,0,6898,0,M,32,Thomasa,Rejowinangun,745,173912.29
1217,0,1,4868,1,M,38,Elia,Sơn Trà,572,41139.05
1218,0,1,3178,1,M,34,Berk,Pasadena,505,58019.95
1219,0,0,3809,1,M,31,Prent,Jundian,706,164128.41
1220,0,0,7716,0,M,36,Rosalynd,Kedungsumurkrajan,693,46998.13
1221,1,1,8534,1,M,44,Chrisy,Penhascoso,725,177279.41
1222,1,0,1410,1,M,27,Christoffer,Wangqinzhuang,791,75832.53
1223,1,0,6017,0,M,36,Celestia,Houba,536,61094.53
1224,0,1,9361,1,M,59,Wilfred,Ojos de Agua,699,30117.44
1225,1,1,6417,0,F,29,Thia,Avignon,500,179227.12
1226,1,1,4193,0,M,68,Leisha,Santa Cruz de Yojoa,707,52110.45
1227,0,0,2399,1,F,30,Dore,Stari Lec,531,75248.75
1228,0,1,6729,0,M,62,Oneida,Tatebayashi,557,184317.74
1229,1,1,3694,1,M,30,Hakim,Otutara,659,158553.1
1230,0,0,2841,0,M,36,Kara-lynn,Kentville,575,95686.42
1231,1,0,6360,1,F,35,Welby,Širvintos,775,71682.54
1232,1,1,2460,1,F,43,Moises,Skolkovo,772,1790.48
1233,0,1,4551,1,M,30,Garreth,Kladovo,587,139431
1234,0,1,6834,1,M,29,Yanaton,Kaduketug,667,118358.54
1235,1,1,1820,0,M,42,Dulciana,Shengping,771,130827.88
1236,1,0,4945,1,M,44,Cleavland,Kapan,523,119404.63
1237,0,0,4201,1,F,43,Odey,Ungaran,662,162703
1238,1,1,9755,1,F,35,Gonzalo,Vorob’yovo,717,172665.21
1239,1,1,8006,1,M,29,Allayne,Chengxiang,746,170142.09
1240,0,1,4345,0,M,29,Hailee,Los Palacios,569,73977.23
1241,1,1,5841,1,M,29,Abelard,Schirmeck,579,60906.12
1242,0,0,3747,0,M,33,Phaedra,Świdnica,519,194867.27
1243,1,1,5216,0,F,41,Kristan,Töreboda,696,193716.56
1244,0,1,1935,0,F,26,Miranda,Maglajani,693,14633.35
1245,1,1,9507,0,M,36,Ginelle,Novosheshminsk,587,31730.32
1246,0,1,2064,1,M,33,Baily,Bazi,626,20063.63
1247,1,1,4580,1,M,37,Willi,São Gonçalo do Amarante,666,99792.82
1248,0,0,1346,1,M,31,Darin,Jayanca,512,37654.31
1249,0,0,9228,1,F,35,Torr,San Vicente,689,192449.02
1250,0,1,9824,0,M,29,Corny,Banjar Laing,803,181208.47
1251,0,1,5519,0,F,37,Rosalyn,Xiashitai,548,155165.61
1252,0,0,4594,1,M,31,Lennard,Cabudare,588,121504.18
1253,1,1,6965,1,M,28,Baryram,Maliuzui,693,61569.07
1254,1,1,7767,1,M,29,Felix,Huanglin,499,123269.71
1255,1,0,1696,0,M,31,Darsie,Langob,628,31272.14
1256,0,1,3403,1,M,34,Farlee,Janeng,624,62825.03
1257,1,1,7206,1,M,44,Cyrille,Araucária,733,184056.45
1258,1,1,4290,1,M,36,Roley,Kunjāh,628,48924.73
1259,1,0,3874,0,F,36,Cally,Kladanj,633,191111.02
1260,0,0,1579,1,M,42,Mohandas,Dasheng,559,54184.06
1261,1,1,4518,0,M,42,Elene,Wangshi,704,64381.33
1262,1,1,9354,1,M,34,Khalil,Koson Shahri,744,78770.86
1263,1,1,1140,1,F,33,Archibald,Öjebyn,665,116766.79
1264,0,1,4244,1,M,38,Gasparo,Wisznice,638,32916.29
1265,1,0,1516,0,F,31,Kordula,Pignon,837,50972.6
1266,1,0,6170,0,M,30,Marley,Cikananga,534,122066.5
1267,0,1,3544,0,M,35,Glenda,Kubangsari,548,65996.9
1268,1,1,3333,1,F,33,Ralf,Desē,837,79577.38
1269,1,1,9065,0,M,29,Loraine,Muyaka,658,130529.13
1270,0,1,6589,1,M,42,Norbie,Granada,554,172629.67
1271,0,0,6653,1,F,34,Bertie,Chase,724,15216.53
1272,1,0,2992,1,M,28,Sylas,Na Kae,723,17512.53
1273,1,1,3045,1,M,31,Giffie,Orléans,585,131852.01
1274,0,1,7911,1,F,35,Maynord,Žacléř,474,181945.52
1275,1,0,4429,0,F,30,Matilde,Pangkalan,562,91482.5
1276,1,0,4896,1,M,53,Weston,Sovetsk,719,77119.45
1277,0,0,4994,0,M,32,Brena,Yläne,635,95611.74
1278,1,0,4069,1,M,29,Man,Rybí,743,80428.42
1279,1,1,2699,0,F,45,Marje,Sunduan,681,163714.92
1280,0,0,1744,1,M,30,Noak,Non Suwan,521,27375.15
1281,1,0,8877,1,M,31,Stevie,Bayombong,741,73873.65
1282,1,1,7345,0,M,38,Trina,Nanjiao,790,139266.48
1283,0,0,3136,0,M,46,Yetta,Baishi,622,131772.51
1284,1,1,1259,1,M,35,Ives,Głowno,669,173454.07
1285,1,1,6112,0,M,51,Jill,Orleans,583,67552.71
1286,0,0,7628,0,M,36,Annmaria,Milano,520,34765.33
1287,1,1,5974,1,M,47,El,Novyy Svit,579,120219.14
1288,0,1,3198,0,M,46,Isabeau,Pyatovskiy,698,90212.38
1289,0,1,7463,0,F,38,Giustina,Wulan,548,164975.82
1290,1,1,6892,1,F,41,Say,Santo Isidro,672,1285.81
1291,1,1,5537,1,F,42,Friedrick,Tangalla,653,83679.46
1292,1,1,4417,0,M,29,Catie,Xinji,734,34548.74
1293,0,1,9279,0,M,42,Karie,Progreso,794,74275.08
1294,1,1,1936,1,F,37,Auberon,Seto,641,7278.57
1295,0,1,1926,0,M,31,Ingaborg,Tipaz,824,162053.92
1296,1,0,1129,1,F,28,Roderick,Rosario,534,199336.63
1297,1,0,3744,1,F,32,Sebastiano,Carnaxide,653,62347.71
1298,1,1,9216,0,F,29,Benetta,Mapaniqui,498,91711.66
1299,0,1,9143,0,F,29,Gabrila,Rancho Nuevo,683,79240.9
1300,1,0,9183,1,M,57,Keefer,Maythalūn,618,76679.6
1301,1,1,9730,0,M,35,Kendra,Ban Houayxay,538,162511.55
1302,0,0,7499,1,M,65,Leonerd,Ростуша,643,21360.88
1303,0,1,8157,1,M,43,Timothee,Santiago del Estero,428,54487.43
1304,0,1,4829,0,F,29,Wally,Udon Thani,593,53931.05
1305,1,1,7526,0,M,30,Aloisia,Changning,718,103165.15
1306,0,0,5442,1,M,32,Robb,Krajan Selatan,811,146359.81
1307,0,1,6406,0,M,32,Siobhan,Colomi,823,28370.95
1308,0,0,5938,0,M,38,Jorry,Sabanagrande,645,10023.15
1309,0,0,3425,1,M,47,Irvine,Bintang,710,192928.82
1310,1,0,5903,0,F,36,Lari,Urrao,591,50485.7
1311,0,1,2748,0,M,36,Roobbie,Bat Khela,748,131662.47
1312,0,1,1188,1,M,35,Trip,Saint Louis,850,152235.3
1313,0,1,1719,1,M,27,Albie,Doom,542,68093.23
1314,1,1,7149,1,F,62,Tedmund,Xinpeicun,809,80061.31
1315,0,1,7432,0,M,38,Nananne,Cigeulis,675,149583.67
1316,0,0,7720,1,M,58,Gifford,Lagoa da Prata,607,7631.27
1317,1,1,4950,1,M,50,Justus,Tilburg,850,33082.81
1318,0,1,7863,0,M,33,Coraline,Străşeni,789,121883.87
1319,0,1,9178,0,M,45,Josselyn,Xinhe,598,100722.72
1320,0,0,2212,1,M,27,Samuele,Martin,756,47093.11
1321,1,0,3742,1,M,31,Bat,Ålesund,687,177624.01
1322,0,0,6989,1,M,31,Thorvald,Kezilei,724,106149.48
1323,1,1,9373,0,F,28,Danette,Coroico,700,16874.92
1324,0,0,1890,1,F,36,Granville,Kiruna,635,54560.79
1325,0,0,8301,0,M,35,Noella,Chenghe,687,153605.75
1326,1,1,9478,1,F,47,Karim,Hongcheng,613,44390.38
1327,1,0,8124,1,M,33,Jeffrey,Gwanda,781,63218.85
1328,1,1,8410,0,M,29,Stephannie,Donostia-San Sebastian,703,41626.78
1329,1,1,9086,1,M,1,Mayne,Liushui,593,24765.53
1330,1,0,9439,0,F,30,Nana,Marston,743,28280.8
1331,1,1,2547,1,M,30,Giovanni,Bambakashat,640,89043.19
1332,1,0,4064,1,M,39,Stewart,Annan,849,17294.12
1333,0,1,7026,0,F,38,Yoshiko,Mahates,778,126702.41
1334,1,0,2119,1,F,36,Bronnie,New Cebu,539,13123.41
1335,1,0,1178,0,M,27,Aili,Thị Trấn Tủa Chùa,489,167973.63
1336,0,0,8146,0,F,29,Aline,Gândara,568,125870.79
1337,1,1,6985,0,M,47,Patty,Gobernador Costa,618,91972.49
1338,1,1,9499,1,M,33,Anders,La Molina,710,155593.74
1339,0,1,9669,0,F,31,Matilda,Longquan,625,67788.49
1340,0,1,5402,1,F,62,Lyman,Agbannawag,682,62615.35
1341,1,1,2247,1,M,37,Mateo,Butuan,727,107415.02
1342,1,0,9917,1,M,30,Faulkner,Koktal,794,166526.26
1343,0,0,2859,0,F,29,Polly,Haokou,652,120107.1
1344,1,1,4778,0,F,29,Ora,Parang,670,188227.8
1345,1,0,2657,1,F,29,Noam,Dalai,460,91560.63
1346,0,0,8255,1,M,28,Jarid,Seidu,568,166495.2
1347,1,1,7569,0,M,30,Lucina,Shuiyuesi,643,165614.4
1348,1,0,2113,1,M,34,Erasmus,Baryshevo,521,86372.24
1349,0,1,1849,1,M,37,Osmond,Kumla,615,2755.53
1350,1,1,3858,0,M,36,Franni,Wanfa,575,83594.51
1351,1,0,8787,1,M,61,Adan,Noyon,717,103706.41
1352,0,0,7036,1,M,32,Isador,Mingzhong,648,5924.38
1353,0,1,2956,1,M,31,Smitty,Svetlograd,535,58203.67
1354,0,0,7187,0,M,29,Brandea,Sangat,626,49361.84
1355,1,0,8117,1,F,36,Kile,Dobrzeń Wielki,611,73585.18
1356,0,0,3448,0,F,48,Agnesse,Girey,734,95135.27
1357,1,1,6528,0,M,35,Tansy,Shinpokh,709,38794.57
1358,0,0,2656,0,M,42,Estella,Bilje,591,198926.36
1359,0,0,4466,0,F,32,Eveline,Alak,664,56099.86
1360,0,0,2818,1,M,35,Fredek,Fufang,431,117023.08
1361,1,0,1805,0,M,36,Katharine,Norrköping,647,62083
1362,0,0,4878,1,F,37,Tibold,Casal do Conde,578,141822.8
1363,0,1,5595,1,M,25,Wylie,Säffle,555,185387.14
1364,1,0,7324,1,M,36,Glenden,Diekirch,775,57461.13
1365,0,1,3929,0,F,28,Minni,Pimbalayan,850,120380.12
1366,0,1,7600,0,M,28,Carlotta,Limbi,625,133020.9
1367,0,0,5241,0,M,49,Charlotta,Pyrgetós,645,13589.93
1368,0,1,8828,0,M,42,Britni,New York City,608,77830.36
1369,1,0,2734,1,M,25,Bram,Liuji,689,136610.02
1370,1,1,4203,0,M,38,Devan,Lubbock,652,17160.94
1371,0,0,8957,0,M,41,Chris,Santo Ângelo,769,176843.53
1372,0,0,4450,0,F,55,Sara,Kuruman,611,114996.33
1373,0,0,8369,0,M,32,Meggie,Haarlem,489,196990.79
1374,0,1,9449,0,F,35,Krista,Wierzchosławice,528,133146.03
1375,1,1,1853,0,F,46,Fania,Xiaotang,632,185667.72
1376,1,1,9552,0,M,34,Kirsteni,Udënisht,429,24020.49
1377,1,0,2250,0,M,30,Consuela,Basīrpur,457,185750.02
1378,0,0,8415,1,M,30,Carlin,Zhongtai,768,178045.97
1379,0,0,3435,0,M,38,Kaylyn,Tuba,715,199857.47
1380,0,0,7327,0,M,34,Ann-marie,Busilak,668,43595.9
1381,1,1,4318,1,M,37,Troy,Shulan,625,122810.53
1382,0,1,2840,1,M,52,Jock,Lilla Edet,846,3440.47
1383,0,1,2738,1,F,37,Aylmer,Dāngām,661,35989.41
1384,0,0,4860,1,F,28,Mathias,Rybno,571,17163.75
1385,0,0,3257,1,M,40,Elijah,Debrecen,582,44506.09
1386,0,0,4123,0,M,44,Bunni,Feodosiya,716,17848.3
1387,0,1,7714,0,M,44,Alys,Tonosí,758,76209.56
1388,1,1,2850,0,M,36,Ann-marie,Batgrām,725,141476.56
1389,0,0,6501,1,M,52,Ario,Jixi,630,60032.46
1390,0,0,3908,1,M,39,Jereme,Nogent-sur-Marne,627,100686.11
1391,0,1,6486,1,M,28,Normand,Hà Tiên,653,96429.29
1392,0,0,6623,0,M,36,Josephina,Ashiya,775,15795.88
1393,0,1,6450,0,M,32,Imojean,Kluki,794,116547.31
1394,0,0,3810,0,M,32,Camilla,Cértegui,831,191260.74
1395,1,0,3100,1,F,34,Ailbert,Igpit,561,173870.39
1396,0,1,8963,0,M,34,Minnnie,Primero de Mayo,705,117273.35
1397,1,0,2522,1,M,44,Barri,Songhae,636,92277.47
1398,0,1,3206,0,M,37,Corina,Butel,487,44244.49
1399,0,1,6354,1,M,25,Natal,Kolodeznyy,693,78133.48
1400,1,0,8997,0,F,32,Sapphire,Xihe,517,103402.88
1401,0,0,4616,1,M,30,Leroy,Bantilan,684,137835.82
1402,1,0,3972,0,F,56,Esmaria,Liulang,620,20670.1
1403,0,1,1578,0,F,33,Brooks,Moulins,757,77469.38
1404,0,1,4436,0,F,40,Jilli,Tambulig,739,57572.38
1405,1,0,8571,1,M,38,Iosep,Hörby,662,75884.65
1406,1,1,9320,1,M,33,Aymer,Rudniki,359,146955.71
1407,1,1,3038,1,M,31,Derward,Los Frentones,572,67040.12
1408,0,0,9824,0,M,31,Glynda,Gongju,721,178418.35
1409,1,0,5482,1,M,40,Gradey,Emiliano Zapata,707,30807.02
1410,0,1,4815,1,M,39,Price,Xingtan,444,143835.76
1411,1,1,8952,1,F,36,Samuel,Toila,523,130883.9
1412,1,0,6690,0,M,39,Florencia,Burrel,685,194343.72
1413,1,1,8671,1,M,33,Aguistin,Carvoeira,673,9796.69
1414,1,1,4981,0,M,30,Christie,Voskop,503,47310.24
1415,1,1,1572,0,M,39,Bianca,Topory,485,141148.21
1416,0,0,3804,0,M,41,Danell,Kohtla-Järve,799,111138.25
1417,1,0,8412,0,F,33,Junie,Yong’an,585,114182.07
1418,0,0,2362,1,F,32,Amos,Verkhnyaya Tura,607,127560.77
1419,1,0,8946,0,F,36,Marybeth,Jingu,521,18082.06
1420,0,0,8616,0,M,36,Celestina,Wenfu,535,136330.26
1421,0,1,3969,0,M,41,Gay,Dzięgielów,724,34121.81
1422,0,0,7309,1,F,30,Jule,Gweedore,520,56246.69
1423,0,1,2865,1,F,31,Giff,Martingança,696,191417.42
1424,1,0,8724,0,M,31,Faustina,Ambatolampy,657,23317.88
1425,1,1,4361,0,F,26,Audra,Mamponteng,603,144675.3
1426,1,0,7909,1,F,51,Fidelio,Krathum Baen,726,175161.05
1427,1,1,3691,0,M,32,Winna,Černovice,591,14928.8
1428,1,0,6643,0,F,51,Andie,Sinamaica,792,161479.19
1429,0,0,7106,0,M,26,Allyce,Beyla,550,133501.94
1430,0,1,8480,1,F,35,Arnoldo,Asarum,601,23703.52
1431,1,1,1093,0,M,31,Harli,Shanglu,820,115985.38
1432,0,1,2924,0,M,49,Leanna,Silago,667,43229.2
1433,0,0,2910,1,F,32,Free,Aygek,573,94862.93
1434,1,1,6523,0,M,51,Blondell,Guantian,755,142377.69
1435,0,0,7583,1,M,32,Jess,Escazú,552,135635.25
1436,0,0,5605,0,M,32,Lenee,Agua Fría,598,148487.9
1437,1,0,8995,0,M,31,Clair,Gongnong,576,58976.85
1438,1,1,6956,1,M,36,Lucian,Paris 10,670,76254.83
1439,1,0,9237,1,F,30,Mendy,Dapawan,504,55857.48
1440,0,0,8224,0,F,33,Melba,Cajueiro,778,77867.23
1441,0,1,4688,1,M,32,Skipp,Gospić,558,22878.16
1442,1,1,7916,0,M,32,Winnie,Anningqu,627,114469.55
1443,0,0,3094,1,M,33,Orren,Aozai,683,96754.8
1444,1,1,2581,1,F,30,Colman,Aulnay-sous-Bois,556,125154.57
1445,1,0,5640,1,M,30,Chariot,Kowingir,583,113597.64
1446,0,0,2144,1,F,33,Culver,Jetak,705,121408.55
1447,0,1,5893,0,M,35,Myranda,Gyigang,637,109219.43
1448,1,1,2866,1,F,36,Gilberto,Hino,697,50230.31
1449,1,1,2463,1,M,52,Tabb,Nuevo Amanecer,555,177719.88
1450,1,1,2959,0,M,29,Bryn,Tijucas,594,131211.86
1451,0,1,1357,1,M,43,Wernher,Caçapava,632,82152.83
1452,1,1,8481,1,M,36,Jasen,Yangon,551,216.27
1453,1,1,7939,0,F,29,Marne,Decatur,687,1713.1
1454,1,1,3836,1,M,54,Terri,Bieniewice,672,136910.18
1455,0,0,2798,1,M,30,Dare,Strohonivka,521,20243.97
1456,1,1,4280,1,M,42,Kristo,Marília,686,86043.27
1457,0,1,8179,0,M,32,Ezmeralda,Wissous,639,126561.07
1458,1,0,1836,0,M,35,Benita,Daegu,850,64350.8
1459,0,1,5643,0,M,37,Riki,Santa Rosa,465,10472.31
1460,1,1,2728,1,M,35,Gayelord,Bohdalov,817,95941.55
1461,1,0,2612,1,F,36,David,P’asanauri,578,125222.36
1462,0,1,9131,1,M,26,Nathan,Marseille,611,170950.58
1463,0,1,4517,1,F,36,Mayne,Darungan,616,236.45
1464,1,0,3390,1,F,47,Noble,Angono,517,31517.16
1465,1,1,2203,1,F,38,Kaine,Shangzhang,637,181610.6
1466,1,0,4558,1,M,26,Gregg,Gonghe,806,156593.09
1467,1,1,5001,1,M,34,Traver,‘Izrā,633,4272
1468,1,0,1868,1,M,30,Alard,Portachuelo,624,163587.9
1469,0,0,9007,0,F,32,Stefania,Mukayrās,691,175843.68
1470,1,1,4984,1,M,40,Gerhardt,Bergen,819,166164.3
1471,1,0,4938,0,M,30,Annnora,Sihanoukville,568,61796.64
1472,1,1,3902,1,F,30,Tades,Motala,806,21439.49
1473,1,0,6538,0,M,39,Binnie,Yangzi Jianglu,726,19225.85
1474,1,0,2411,1,M,33,Brian,Baisha,552,132547.02
1475,0,1,8491,0,F,31,Martynne,Taluksangay,755,62688.55
1476,1,1,9749,0,M,39,Alverta,Vinhais,634,21760.96
1477,0,1,8359,0,M,29,Val,Крива Паланка,756,154460.68
1478,1,0,7255,1,M,36,Todd,Bašaid,776,8065
1479,0,1,2825,1,F,41,Mychal,El Cantón de San Pablo,649,173365.9
1480,1,0,9155,0,M,38,Regine,Webuye,595,69428.79
1481,1,1,8775,1,M,43,Far,Xiapu,646,12757.14
1482,0,0,4139,0,F,34,Lucina,Rosais,592,180426.2
1483,1,0,3305,1,M,54,Zacharia,Thị Trấn Ngải Giao,574,43093.67
1484,0,1,5200,0,F,32,Sianna,Goiânia,850,68594
1485,0,1,1116,1,M,34,Phip,Caluire-et-Cuire,850,197996.65
1486,1,1,7876,1,M,28,Arri,Oelaba,475,122953
1487,1,0,3499,0,M,27,Lenette,Tyringe,642,76821.24
1488,1,0,4683,1,M,59,Carl,Sulkava,710,141400.51
1489,0,0,4293,1,M,31,Otto,Tokorozawa,596,41921.75
1490,1,1,6694,0,M,34,Goldina,Trelew,609,175664.25
1491,0,0,2421,1,F,28,Ruttger,Bantiran,797,117916.63
1492,1,1,4587,1,M,30,Fairfax,Dadiharja,504,194690.77
1493,1,1,7386,1,M,45,Ignatius,Hengfan,735,166677.35
1494,0,0,1178,0,M,35,Thomasa,Bassa,680,160131.58
1495,1,0,4759,1,F,28,Ellsworth,Chiantla,449,123622
1496,1,0,3320,1,F,25,Hailey,Braunschweig,685,113483.96
1497,0,1,2616,1,M,32,Shawn,Huambo,569,79618.79
1498,1,1,3428,1,M,35,Napoleon,Vila Chã do Monte,631,24472.23
1499,0,1,3939,0,M,32,Laurette,Pucara,595,177025.79
1500,1,1,5680,0,F,30,Biddie,Aygek,461,103349.74
1501,0,0,8760,1,F,29,Pinchas,Wangmeng,630,63606.22
1502,1,1,5637,0,F,40,Marika,Gaotuo,661,14490.79
1503,1,1,5805,0,M,37,Wanda,Ressano Garcia,796,105080.53
1504,1,0,5425,1,M,43,Thaine,Mỹ Xuyên,710,83499.89
1505,1,0,7826,0,M,36,Harriot,Bor,741,143598.7
1506,0,1,7928,1,M,30,Bren,Nizhnekamsk,606,36091.91
1507,0,0,8319,1,M,42,Moishe,Prantaan,747,13007.89
1508,1,0,8844,1,M,43,Jock,Safara,549,6101.41
1509,0,1,2254,0,M,51,Juline,Bi’r al ‘Abd,576,48314
1510,0,1,7410,1,M,28,See,Dobra,528,197111.99
1511,1,1,4176,1,M,36,Dino,Shōbu,535,110299.78
1512,0,0,6119,0,M,41,Nikoletta,Sabugal,575,30114.32
1513,1,1,3430,0,M,42,Elyssa,Verrettes,656,98894.64
1514,1,1,4015,0,M,49,Dian,Ichinoseki,440,49826.68
1515,1,1,5820,1,M,36,Tyrus,San Juan,539,10074.05
1516,0,1,6246,1,M,28,Gaspard,São Mamede,850,20769.88
1517,1,0,2240,1,M,32,Brooks,Borova,646,163427.18
1518,0,0,6900,0,M,29,Robinetta,Balangkayan,744,140068.77
1519,0,0,6456,1,F,27,Rorke,Yujia’ao,710,83206.19
1520,0,1,6946,0,M,36,Karel,Sydney,544,111402.97
1521,0,0,5931,0,M,36,Minnnie,Santa Monica,723,92873.5
1522,0,1,6577,0,M,35,Connie,Novoanninskiy,507,94780.9
1523,0,1,1923,0,F,36,Elsbeth,Ash Shuqayrah,787,16607.15
1524,0,0,9376,1,F,41,Manolo,Agoncillo,598,161954.43
1525,0,0,3110,0,M,34,Clarissa,Benavila,796,194733.28
1526,0,1,6381,0,M,34,Misha,San Miguel,569,163524.7
1527,0,1,3650,0,M,31,Gwendolyn,Gonghe,711,48260.19
1528,1,0,1509,0,M,36,Nathalia,Cocachacra,661,86678.48
1529,1,0,2039,0,M,35,Timi,Chengbei,415,3064.65
1530,0,1,1065,0,M,32,Caria,Tim,578,112124.98
1531,0,0,7215,0,F,36,Terra,Pervomayskoye,611,120801.65
1532,1,1,2263,0,F,37,Sharon,Piedecuesta,600,52193.23
1533,1,1,4928,0,M,33,Lily,Kramators’k,661,56636.28
1534,1,1,6492,0,M,38,Lynsey,Karlshamn,850,69372.88
1535,1,0,9823,1,M,41,Antonino,Libas,573,164038.07
1536,0,1,1480,1,M,32,Dev,Gazli,764,118982.51
1537,1,1,8989,1,M,33,Israel,Anār,838,27472.07
1538,0,1,5568,0,M,36,Venita,Koga,821,36754.13
1539,0,1,8120,1,F,38,Morris,Mashui,607,46416.36
1540,0,0,7055,0,M,28,Gabriel,Areado,558,152872.39
1541,0,0,6159,0,M,41,Doralia,Bahía Honda,530,165227.23
1542,1,0,7344,1,M,42,Berkley,Všestary,654,75927.35
1543,1,0,9832,0,M,34,Caron,Vakhrushi,530,172930.28
1544,1,0,7744,0,M,33,Karlyn,Isak,656,36108.5
1545,1,0,3544,1,M,37,Bondy,Opatów,520,36202.74
1546,0,1,2337,0,M,37,Caresse,Alfortville,602,131886.46
1547,0,1,6600,0,M,44,Tori,Bystřice nad Pernštejnem,701,133992.36
1548,0,1,2995,1,M,42,Berk,Třinec,653,96658.26
1549,0,1,1183,1,M,40,Gerick,Wirodayan,668,135112.09
1550,1,0,9416,1,M,31,Yvor,Linjiang,652,163944.18
1551,1,1,4737,1,M,33,Zebedee,Tailing,639,53843.71
1552,0,1,9295,0,M,29,Eleen,Moganshan,730,122398.84
1553,1,1,1843,0,F,36,Mathilde,Sesheke,780,64804.04
1554,1,1,1793,1,M,30,Abe,Duntou,592,19370.73
1555,1,1,2523,0,M,36,Genvieve,Chatian,628,126192.54
1556,1,1,1506,1,M,36,Byram,Frederiksberg,658,135459.02
1557,0,0,5785,1,F,29,Franky,Strängnäs,850,94815.04
1558,1,0,2802,1,M,33,Dun,Нераште,515,188366.04
1559,1,0,8090,1,M,40,Sylvester,Batambak,571,178512.52
1560,0,1,8943,1,M,27,Durand,Shanglian,760,97906.38
1561,0,1,7505,0,M,36,Beret,Sunfang,720,72861.94
1562,1,1,9648,1,M,35,Jed,Kurba,632,195978.86
1563,1,0,5949,0,F,33,Britteny,Londres,694,19448.93
1564,0,1,9246,1,F,34,Edgard,Yanqian,559,32635.54
1565,1,0,1499,1,F,32,Stanford,Tarczyn,773,171733.22
1566,0,1,3302,0,M,35,Teena,Purísima,581,46176.22
1567,0,0,3881,0,M,28,Rozina,Nai Harn,524,179634.69
1568,0,1,5127,0,M,36,Una,Igboho,713,191521.32
1569,0,1,9228,0,F,85,Estel,Östersund,676,67998.45
1570,1,1,6026,0,M,28,Kris,Lousado,651,44731.8
1571,0,0,1138,1,F,39,Sylvan,Saint Joseph,717,124532.9
1572,0,0,3404,0,M,36,Gwendolen,Tharyarwady,594,160968.44
1573,1,1,7031,1,M,33,Renaldo,Mira,716,27341.63
1574,1,1,4851,1,M,43,Lezley,Wysoka,668,53994.64
1575,0,0,5231,1,F,36,Bennett,Nuquí,678,91633.53
1576,1,1,3805,0,M,43,Lilli,Shreveport,545,189613.12
1577,1,1,5713,1,M,39,Timothee,Talldaww,613,60706.33
1578,0,1,6641,0,M,39,Viva,Bulan,687,154767.34
1579,1,0,5473,0,M,27,Diahann,Quế Sơn,715,196853.11
1580,0,1,3500,1,M,36,Gal,Daxing,618,195775.48
1581,1,1,8139,0,M,34,Agna,Wangjiaping,721,3086.89
1582,0,0,1510,0,M,33,Leland,Uglyanets,445,70618
1583,1,0,5868,0,M,36,Marlo,Gujba,690,55034.02
1584,0,1,7492,1,F,33,Radcliffe,Amorim,709,168035.62
1585,0,1,1958,0,M,36,Marrilee,Qili,671,128449.33
1586,1,1,4098,1,M,75,Nikolai,Wasquehal,538,199249.29
1587,1,0,5734,1,M,40,Konstantine,Portela,735,149474.69
1588,0,1,1879,1,F,34,Benjamin,Protección,592,126726.33
1589,1,1,5996,1,M,30,Uriel,Nanchoc,747,147554.26
1590,1,1,5018,0,M,27,Crissy,Truskavets,675,149399.7
1591,0,0,5272,1,M,29,Carter,Huakoulongtan,632,93536.38
1592,1,0,7636,1,M,36,Adlai,Laimuda,621,58883.91
1593,0,0,7524,0,F,29,Lianne,Gombong,521,154271.41
1594,1,0,8392,0,M,39,Felicia,Banjar Tengah,591,122022.89
1595,0,1,6780,1,F,29,Emelen,Nāgarpur,706,50299.14
1596,0,0,2226,1,M,39,Rochester,Madoi,677,187800.63
1597,1,0,2423,0,F,33,Dorette,Pitangui,769,171344.09
1598,0,0,2461,1,M,35,Jim,Buenavista,771,40920.59
1599,1,1,5689,0,M,42,Garland,Kushtia,601,63940.68
1600,0,1,2002,0,F,37,Noellyn,Liliongan,670,29483.87
1601,0,1,4506,0,M,32,Vonnie,Piaski,517,179056.23
1602,1,1,4196,0,M,35,Dre,Cojata,834,129273.94
1603,1,0,5621,1,F,36,Eugenio,Padova,571,55558.51
1604,1,1,5772,0,M,48,Xylia,Parys,576,23305.85
1605,0,0,1950,1,M,43,Chet,Bolaoit,718,17128.64
1606,1,0,1270,0,M,32,Leora,Manzanares,636,74641.9
1607,0,1,7629,1,M,36,Wang,Krabi,566,154486.01
1608,0,1,9965,1,M,36,Dani,Mojo,711,3185.67
1609,0,0,2932,1,M,32,Carolus,Shuanghe,574,88463.63
1610,1,0,4753,1,M,28,Brett,Naguilian,619,65682.93
1611,1,1,9652,0,M,34,Charo,Hagonoy,588,140586.08
1612,1,0,1916,0,M,45,Camile,Féres,760,117232.9
1613,0,1,2863,0,F,35,Ursala,Skänninge,665,116137.01
1614,1,0,8188,0,M,31,Minda,Stegna,739,105533.96
1615,1,0,2383,1,M,33,Niles,Maochen,641,81514.06
1616,0,0,6375,0,M,33,Roxine,Monroe,685,164966.27
1617,1,0,4376,0,M,31,Tiffanie,Dampek,594,23631.55
1618,0,0,5130,1,M,28,Normie,Tumen,557,105433.53
1619,1,1,4707,0,M,33,Kat,Songhae,697,90591.15
1620,1,0,5118,1,M,49,Ludovico,Mondoteko,656,127014.32
1621,1,0,4804,1,F,28,Harcourt,Leloboko,712,90905.26
1622,0,1,9540,1,M,28,Inness,Guling,689,8651.92
1623,0,0,8037,0,M,31,Rose,Yunmeng Chengguanzhen,697,15467.98
1624,1,1,5079,1,M,33,Benjy,Mulatupo,589,79915.28
1625,1,1,8967,1,M,33,Tyrus,Pindamonhangaba,525,69361.95
1626,0,0,5621,0,M,56,Clara,El Pino,680,86935.08
1627,0,1,8779,1,M,47,Elmore,Vilar do Monte,617,7597.83
1628,0,0,4679,1,F,34,Ciro,Longquan,680,116957.6
1629,0,0,5758,0,M,33,Luelle,Hecun,662,157884.83
1630,0,0,3019,0,M,34,Elianore,Sydney,736,77981.54
1631,0,0,2448,0,M,38,Zarla,Berlín,657,126369.55
1632,1,0,3097,0,F,26,Wynny,Torbeck,350,191973.49
1633,1,0,8916,1,F,29,Elmer,Caromatan,617,142940.39
1634,1,1,7434,0,F,36,Carena,Przasnysz,562,48869.67
1635,0,1,9908,0,M,36,Theodora,Goianésia,705,73131.73
1636,0,0,7021,0,M,56,Ashleigh,Kyŏngsŏng,516,120037.36
1637,1,0,3826,0,M,41,Lana,Pokrovskoye,573,193995.37
1638,1,1,7511,1,M,36,Clementius,Palmas,538,179453.66
1639,1,0,2980,1,M,49,Sinclare,Vân Đình,699,80963.92
1640,1,1,8329,1,F,37,Marlowe,Celso Ramos,504,15658.99
1641,1,0,7097,1,M,34,Dallis,Riangwale,583,92708.1
1642,0,0,1611,1,M,33,Ham,Notsé,712,26542.17
1643,1,1,4867,1,M,39,Roderigo,Yueshan,626,65010.74
1644,0,1,1507,0,M,33,Abby,Charlotte Amalie,631,106892.91
1645,1,1,5977,1,M,29,Paulo,Kedungdoro,663,185210.63
1646,1,1,2420,0,M,43,Jobie,Banqiao,506,4035.46
1647,1,0,9522,0,M,39,Shanon,Arīḩā,570,177805.44
1648,1,1,4795,1,M,36,Jimmie,Cekcyn,703,68831.72
1649,0,0,5280,1,M,28,Rolfe,Longkali,698,114732.62
1650,1,0,3422,0,M,42,Clio,Detroit,731,22299.27
1651,0,1,7582,0,F,45,Zahara,Gaohu,625,197283.2
1652,1,0,3893,0,M,25,Arlee,Cheongpyeong,634,179485.96
1653,1,1,1292,0,M,38,Drusie,Fangtang,616,17699.48
1654,0,0,3357,0,M,27,Angelique,Il’skiy,500,118490.8
1655,0,1,6617,0,F,31,Caprice,Banjarbaru,446,133292.94
1656,1,0,7381,0,M,32,Emmey,Karpogory,669,58170.24
1657,1,1,1468,1,M,47,Edlin,Reims,581,107137.3
1658,1,0,4413,0,M,33,Darline,Osypenko,704,145071.33
1659,1,0,4940,1,M,34,York,Åmål,748,85495.24
1660,0,1,3487,0,M,50,Elva,Berck,680,101139.3
1661,0,0,9308,1,M,34,Heywood,Yamen,655,10511.13
1662,0,0,5709,1,F,27,Alric,Xiyang,690,137916.49
1663,0,0,5557,0,M,38,Valeria,Saint-Denis,695,193383.13
1664,1,1,5472,1,M,50,William,Vorontsovka,700,189826.96
1665,0,0,9421,1,M,68,Sloan,Ashchysay,773,144113.42
1666,0,0,4743,1,F,34,Car,Chicago,749,143538.51
1667,0,1,2615,0,M,38,Amata,Busdi,611,77677.14
1668,1,1,3667,1,F,1,Chalmers,Lincheng,606,183717.94
1669,1,1,3679,0,M,39,Flory,Khāsh,554,92180.62
1670,0,1,9377,0,F,50,Piper,Gandusari,567,28690.9
1671,1,0,6423,1,M,36,Jereme,København,559,85891.02
1672,1,0,1621,1,F,40,Carly,Guantouzui,594,42050.24
1673,1,1,8239,0,F,32,Cicely,Norak,513,110142.34
1674,1,1,9766,1,M,52,Everett,Benešov,652,179269.79
1675,1,0,6835,1,M,33,Seth,Gryazovets,680,90558.24
1676,0,0,9754,0,M,43,Britta,Castanheira de Pêra,784,162022.47
1677,1,0,9795,1,M,40,Mathian,Japerejo,812,66926.83
1678,1,0,5378,0,F,35,Nola,České Meziříčí,784,108891.3
1679,1,0,5254,1,M,30,Ware,President Roxas,570,71811.9
1680,0,0,5619,1,F,32,Jimmie,Čapljina,712,92223.59
1681,1,1,2615,0,M,40,Katrine,Tama,705,78065.9
1682,1,0,3915,1,M,30,Paco,Cibingbin,681,59679.9
1683,1,0,1079,0,F,28,Ashley,Sakaiminato,620,85000.32
1684,1,1,6781,0,M,29,Greer,Al Bāriqīyah,711,159808.95
1685,0,1,5062,1,M,30,Vaughan,Skalbmierz,613,129001.3
1686,0,1,2091,1,M,34,Ulysses,Dakhla,613,113557.7
1687,0,0,4722,0,F,29,Gabrielle,Chenji,682,147758.51
1688,1,1,4984,1,M,37,Ade,Lanxi,850,28865.59
1689,0,1,2054,0,F,37,Ebony,Soritor,601,160607.06
1690,1,0,3490,0,M,32,Margarete,Cruz,595,100015.79
1691,1,1,5841,0,M,34,Daria,Grimstad,675,54478.52
1692,0,0,9616,1,M,36,Hercules,Vilares,591,141677.33
1693,1,0,8648,1,F,37,Vaughn,Baicheng,602,84077.6
1694,1,1,9250,0,M,30,Tedi,Sarangmeduro,554,106981.03
1695,0,0,5529,0,M,32,Ollie,Madala,541,73551.44
1696,1,0,1005,0,M,31,Amargo,Agía Triáda,506,115842.1
1697,1,0,2808,0,M,40,Tim,Fátima,814,107013.59
1698,1,0,9338,1,F,37,Simmonds,Thị Trấn Ngan Dừa,683,24938.84
1699,1,0,9797,1,M,35,Cale,Ambositra,485,51113.14
1700,0,1,3444,1,F,42,Baxie,Agnibilékrou,696,33828.64
1701,1,1,7804,1,M,27,Alaster,Roa,608,128875.86
1702,0,1,7681,1,M,52,Rollo,Gon’ba,792,194700.81
1703,1,1,9152,1,M,55,Dominick,Titay,686,158974.45
1704,0,1,2033,1,M,36,Darbee,Aban,790,198182.73
1705,0,0,7314,0,M,47,Ernesta,Lumbac,654,141404.07
1706,0,0,8043,1,M,31,Roma,San Pa Tong,452,4175.68
1707,1,0,8299,1,M,44,Christos,Jingling,719,126876.47
1708,0,0,6731,1,F,50,Barthel,Linköping,707,41052.82
1709,0,0,1464,0,M,42,Rae,Kamigyō-ku,699,105760.01
1710,1,0,2671,0,M,34,Mahalia,Nivnice,850,27937.12
1711,0,1,8831,1,M,34,Shepherd,Stockholm,828,79355.87
1712,0,0,7243,1,M,26,Angel,Ngadri,850,102180.27
1713,1,1,6568,1,F,39,Kevin,Palaihari,712,95719.73
1714,0,1,6104,0,M,32,Goldarina,Wyszogród,634,57121.51
1715,1,0,2516,1,M,34,Alberto,Mingcheng,730,162478.11
1716,0,1,1866,0,M,35,Cathleen,Grazhdanka,685,194808.51
1717,0,1,7630,0,M,58,Tobey,Pasacao,809,124045.65
1718,0,0,6993,1,F,29,Iver,Bacolod,707,17987.4
1719,0,1,2789,1,M,34,Nat,Pandan,648,133653.38
1720,1,0,8144,1,M,29,Yvon,Thị Trấn Pác Miầu,760,25101.17
1721,0,0,9628,0,M,36,Jacinta,Conceição da Feira,805,33330.89
1722,0,0,7487,0,F,41,Manon,Kawerau,585,2401.26
1723,1,1,7182,0,M,28,Rory,Oslo,595,178361.04
1724,1,1,3913,1,M,37,Roland,Khamyāb,630,162697.93
1725,1,1,5296,0,M,40,Rae,Dammarie-les-Lys,627,80607.33
1726,0,1,4666,1,M,37,Gaby,Ma’an,631,23146.62
1727,0,0,7560,1,M,40,Gunner,Shatian,776,89893.6
1728,1,1,9965,0,M,30,Chelsey,Hacıqabul,676,3173.31
1729,1,0,9323,1,M,31,Dalis,Tirlyanskiy,758,123218.81
1730,0,0,3509,1,F,35,Valdemar,Bayanbaogede,637,74588.41
1731,1,0,4758,1,F,36,Antony,Kotablolong,850,31288.77
1732,1,1,1498,0,M,32,Eileen,El Salitre,601,58561.31
1733,0,1,8464,0,F,33,Robbie,Shangtian,735,148804.36
1734,1,0,1854,1,M,28,Donny,Le Mans,614,51117.06
1735,0,1,2635,0,F,35,Lonee,Qianzhou,672,164537.17
1736,1,1,4819,0,F,34,Devan,Palmas Bellas,642,61977.82
1737,0,0,3344,0,M,35,Christye,Mingguang,633,193362.99
1738,0,0,3127,1,F,30,Sollie,Glogovac,769,47722.79
1739,0,1,7769,1,F,33,Reid,Dabai,796,18510.41
1740,0,1,7335,1,M,66,Mar,Pandanrejokrajan,715,65057.71
1741,1,1,8547,1,M,27,Pascal,Sidorejo,695,46374.64
1742,1,0,4548,0,M,33,Kala,Bieqiao,747,42039.67
1743,0,0,7347,1,M,30,Murray,Yaodian,584,138192.98
1744,0,1,2839,0,F,30,Maighdiln,Liufu,476,22735.45
1745,0,1,4318,0,M,34,Bridgette,At-Bashi,850,186910.74
1746,1,1,9086,1,M,26,Wiley,Kabac,529,75285.47
1747,0,1,5672,0,M,26,Maiga,Shuguang,584,130260.11
1748,0,1,2813,0,M,37,Janine,Motala,586,15034.93
1749,1,1,1570,0,M,32,Nedi,Paris 19,674,175709.4
1750,1,0,5488,0,M,66,Fanya,Nol,552,101069.71
1751,1,0,7458,1,M,58,Hogan,Vitória,601,153012.13
1752,0,0,1398,1,F,41,Chrisse,Florida,541,86173.92
1753,0,0,2388,0,M,39,Tallulah,Sterling,744,197548.63
1754,1,0,5881,0,F,32,Hedy,Dunkerque,595,37042.8
1755,1,1,2135,0,M,30,Susanetta,Batanghari,724,121085.72
1756,1,1,2434,0,M,31,Constantine,Sathon,533,194113.99
1757,1,1,6612,1,F,28,Tanny,Luobei,618,101273.23
1758,0,1,8738,1,M,28,Natale,Cimişlia,523,118711.75
1759,0,1,8380,0,F,40,Angelique,Sakaidechō,642,582.53
1760,0,0,5090,0,M,35,Rhiamon,Głubczyce,584,192381.21
1761,0,0,7916,1,M,29,Boone,Mengjia,521,136507.69
1762,0,1,5404,1,F,36,Blayne,Maagnas,662,138871.12
1763,1,0,7480,0,F,39,Marthe,Klwów,758,60728.89
1764,0,1,4204,0,F,36,Bobbette,Montpellier,717,189175.71
1765,1,1,5184,0,F,62,Celesta,San Antonio,611,102547.56
1766,0,1,8572,0,F,46,Phylis,Boyuibe,766,36706.56
1767,1,1,4838,0,F,46,Jodi,Alor Setar,636,44756.25
1768,1,0,8836,0,M,31,Magdaia,Bang Klam,814,132870.15
1769,1,0,5083,0,M,27,Andromache,Ganyesa,760,16287.38
1770,1,1,8697,1,M,31,Adham,Ḩawallī,607,121945.42
1771,1,0,5759,1,M,31,Borden,Lichtenburg,725,131173.9
1772,0,0,2763,0,F,40,Kara,Sakai-nakajima,600,88669.89
1773,1,1,5555,1,M,40,Edik,Aguas Verdes,656,160835.3
1774,1,1,9099,0,M,33,Bell,Jammāl,640,24761.36
1775,1,1,1363,1,M,28,Logan,Itami,439,138526.96
1776,1,1,3944,1,M,34,Michel,Itupiranga,549,157442.75
1777,1,0,2226,1,M,36,Stanley,Severo-Yeniseyskiy,622,105295.77
1778,0,1,9346,0,M,42,Tedi,Myślenice,715,97782.92
1779,1,0,1071,0,M,32,Ros,Sulang Tengah,657,68255.88
1780,1,0,1086,0,M,36,Elianore,Caomiao,703,108790.95
1781,1,0,4026,0,M,61,Caren,Yangi-Nishon Shahri,802,143706.18
1782,1,0,1633,1,M,45,Haskel,Pitanga,793,148993.47
1783,1,1,6341,1,M,44,Calv,Lachowice,554,95277.15
1784,1,0,2273,0,F,36,Rosemarie,Gjinkar,533,152956.33
1785,1,0,8999,1,M,29,Vladamir,Setaka,658,94925.62
1786,1,1,8453,1,M,35,Gram,Tétouan,713,87308.18
1787,1,0,1433,0,M,32,Meridith,Aoji-ri,711,83978.86
1788,0,0,2225,0,M,30,Jo ann,Novo Hamburgo,669,37543.93
1789,1,1,1183,1,M,33,Dar,Bunog,439,104889.3
1790,0,1,1551,1,M,34,Chicky,Goseong,763,149705.25
1791,1,1,7899,1,M,30,Federico,Tomobe,697,16445.79
1792,1,0,7287,0,F,51,Dianne,Kościerzyna,702,54689.16
1793,0,1,8194,0,M,35,Theresita,Hekou,686,194913.86
1794,1,1,4818,1,F,29,Benji,Al Bāriqīyah,629,146371.72
1795,1,1,7833,0,M,29,Ashien,Ruchihe,823,156603.7
1796,1,1,1371,1,M,39,Nevil,Pantaibesar,683,182566.76
1797,1,1,4326,1,F,29,Isador,Haguimit,555,60194.05
1798,1,1,7326,1,M,38,Wakefield,Borabue,647,36579.53
1799,0,0,4004,0,M,38,Alberta,Washington,714,5862.53
1800,1,0,1533,1,M,34,Sayre,Sukadami,850,143030.09
1801,0,1,3035,0,M,31,Vivienne,Jiakexi,713,62700.08
1802,0,1,8441,0,M,36,Michaella,Jinhu,452,99017.34
1803,1,0,4668,0,M,39,Anna-diana,Panaytayon,683,187987.01
1804,1,0,3048,0,M,37,Ines,Roches Noire,577,123454.62
1805,1,1,8750,0,M,36,Milena,Peñal,552,10921.5
1806,0,0,8230,1,M,25,Stern,Kozhva,769,53817.23
1807,0,0,7999,0,M,42,Henrieta,Krajansumbermujur,691,81617.4
1808,1,1,1251,0,F,25,Eleanore,Mooirivier,818,192298.84
1809,1,0,4306,0,M,41,Frayda,Chengshan,739,143882.25
1810,0,0,5595,1,F,56,Randall,Corozal,639,53130.41
1811,0,1,4010,0,M,29,Stormi,Plácido de Castro,651,190454.04
1812,0,0,3290,1,M,33,Harry,Rozwadza,779,111906
1813,0,1,8474,1,F,36,Currey,Ziyang,850,113177.95
1814,0,0,4774,1,F,39,Laird,Zgornje Pirniče,829,30529.88
1815,1,1,9277,0,M,43,Lindsey,Karanggeneng,579,18800.13
1816,0,0,5615,0,F,29,Binny,Xinglong,510,46127.7
1817,0,1,2711,0,M,34,Cordelia,Sandefjord,531,75585.48
1818,1,1,9639,1,F,37,Krisha,Magoúla,628,63085.94
1819,1,0,7330,1,F,32,Eldredge,Babak,633,74415.2
1820,1,1,2688,0,F,31,Beatriz,Gayam,714,139889.15
1821,1,1,8810,1,M,42,Hubie,Vrtojba,604,7267.25
1822,0,0,8082,0,M,37,Jeanelle,Xianlong,630,186826.22
1823,1,1,4549,1,F,29,Elia,Kungälv,850,162149.07
1824,1,0,2510,1,F,34,Jeddy,Praya,788,180150.49
1825,1,0,1881,1,M,33,Isa,Limonade,798,83478.12
1826,1,1,1181,0,M,34,Leeanne,Obikiik,770,26163.74
1827,1,0,2618,0,M,52,Megen,Vingåker,569,44381.06
1828,0,1,1932,0,F,36,Liane,Nanyi,425,136365
1829,0,1,3430,0,F,50,Verene,Qinglung,547,99294.22
1830,0,1,2771,0,M,34,Joann,Guarapuava,725,173464.43
1831,0,1,4351,0,F,38,Flossy,Sambava,506,127543.81
1832,1,0,1177,1,F,40,Ario,Susoh,632,52526.65
1833,0,0,1020,0,M,33,Damaris,Longshan,620,32589.45
1834,1,1,5080,1,F,34,Boyd,Bariri,663,47161.25
1835,0,0,5778,1,M,50,Hazlett,Noyal-sur-Vilaine,700,45424.13
1836,0,1,7333,1,F,35,Shaw,Malabang,696,8018.49
1837,0,1,4390,0,M,44,Coreen,Buritis,767,195668
1838,1,0,4735,1,F,30,Raleigh,Bagnères-de-Bigorre,561,133167.11
1839,1,1,8406,0,M,37,Minerva,Sasykoli,350,123602.11
1840,0,0,2590,1,M,29,Benedicto,Artsvaberd,706,186238.85
1841,0,1,1183,1,M,35,Rooney,Tucupita,464,158668.87
1842,1,1,2438,0,M,65,Dayna,Longshe,501,9249.36
1843,1,0,4843,1,M,36,Carling,Futang,745,116581.1
1844,0,1,4433,1,M,43,Howie,Antonina,587,44688.08
1845,0,0,7577,0,M,28,Trudey,Villa Francisca,667,148608.39
1846,1,0,1854,0,M,35,Eyde,San Antonio,737,188670.9
1847,0,0,3980,0,F,40,Marcile,Loakulu,485,107067.37
1848,0,0,4546,0,M,34,Rachelle,Pamplona/Iruña,590,61759.33
1849,1,1,5464,0,M,39,Gennie,Saint-Cloud,518,192776.64
1850,0,0,3525,1,M,25,Gustav,Luzern,581,46735.19
1851,0,1,5457,1,M,42,Allyn,Kulpin,785,169117.74
1852,1,0,4397,0,F,26,Lavinie,San Juan de Mata,799,89081.41
1853,1,1,7511,0,M,41,Zola,Nashville,698,105227.86
1854,0,1,7051,0,M,33,Keelia,Jaguarari,730,128246.81
1855,1,1,7680,1,M,36,Baxter,Stare Pole,740,94554.74
1856,1,1,4819,1,M,39,Griffie,Singkup,785,33823.5
1857,1,0,1291,0,F,41,Violetta,Topi,527,97468.44
1858,0,0,9276,0,M,30,Teri,Shuishaping,544,164137.36
1859,0,1,2395,1,F,41,Cort,Zernograd,705,191313.7
1860,0,1,5011,0,M,43,Jenda,Girsereng,684,65257.57
1861,0,0,4195,0,M,35,Hyacinth,Nicasio,639,178222.77
1862,0,0,6410,1,M,33,Silvano,Sulęcin,565,179445.28
1863,0,1,9964,1,M,35,Leonerd,Siem Reap,481,65500.53
1864,1,1,2131,1,M,34,Kippie,Cavaillon,731,97877.92
1865,1,0,2070,1,F,33,Osmund,Schieren,607,113051.57
1866,1,0,8136,1,M,34,Bogart,Noisy-le-Grand,760,105969.05
1867,0,1,7900,1,M,29,Frasier,Shanxia,559,122996.76
1868,1,0,9821,1,M,44,Johnny,Pyetrykaw,715,68087.15
1869,0,1,4904,0,M,34,Sascha,Bang Bua Thong,656,21478.36
1870,1,0,4865,0,M,30,Bryana,Qixing,652,158437.73
1871,0,0,6612,1,M,28,Griffith,Uchkeken,624,76551.7
1872,1,0,5449,1,F,31,Carrol,Boracéia,634,15887.68
1873,0,1,6512,1,M,30,Giusto,Jambangan,850,33741.84
1874,1,1,5661,1,M,40,Mano,Minnedosa,659,20652.69
1875,1,1,8360,1,M,38,Tyrone,Raman,529,112781.5
1876,0,0,6625,1,M,38,Grantham,Sukorejo,572,119996.95
1877,0,1,3266,1,F,30,Aleksandr,Jianggu,640,6981.43
1878,0,0,1759,1,F,43,Pernell,Jagüey Grande,770,185211.28
1879,1,0,9946,0,F,38,Catha,Furongqiao,648,78436.36
1880,0,0,2612,1,M,33,Jarrod,Selaphum,579,139048
1881,0,1,3222,1,F,36,Bern,Vary,589,136329.96
1882,0,0,8774,1,M,27,Ernie,Amagasaki,530,14721.8
1883,0,1,3849,1,M,29,Randi,Kebon,831,3430.38
1884,1,0,9595,0,M,29,Donny,Luopu,790,160450.21
1885,1,1,5333,1,M,36,Sayre,Kuaro,656,1485.27
1886,1,0,4963,0,F,32,Elise,Anin,563,19720.08
1887,0,0,2702,0,M,36,Jessika,Santa Tecla,667,41183.02
1888,0,1,6112,0,M,31,Hestia,Lisewo,613,139410.08
1889,1,0,4341,0,M,39,Lauryn,Tubualá,429,163691.48
1890,0,1,3814,0,M,38,Kirsti,Taltal,665,115147.33
1891,1,0,6171,0,F,51,Ronna,Gainesville,731,74945.11
1892,1,0,8051,1,F,30,Timmy,Lao Suea Kok,584,180363.56
1893,0,1,3281,1,M,29,Guillermo,Maastricht,634,196021.73
1894,0,0,6195,1,M,30,Harmon,Tengah,488,125979.36
1895,1,1,1641,0,M,41,Noelani,Gang,535,111421.77
1896,0,0,5451,1,M,39,Andonis,Mollas,776,115818.51
1897,1,1,6732,0,M,30,Loralie,Dajasongai,850,179360.76
1898,0,0,1936,1,M,40,Fidelio,Al Karāmah,673,82351.06
1899,0,1,9448,1,F,26,Hamlin,Baytā al Fawqā,850,192744.23
1900,0,0,8786,1,M,29,Pace,Chonghe,627,113408.47
1901,1,1,9843,0,M,37,Elisha,Liuche,570,124641.42
1902,0,0,5222,1,M,36,John,Thị Trấn Hùng Quốc,796,54871.02
1903,0,1,7833,0,M,36,Natalina,Pontalina,773,98820.09
1904,1,1,6243,1,F,40,Kenon,Lamduan,752,45570.84
1905,1,1,8441,0,M,35,Shelbi,Wang Saphung,625,182336.45
1906,0,1,9187,0,M,35,Delinda,Kazo,535,118825.56
1907,0,1,7088,0,M,29,Aubrie,Cienfuegos,786,103372.79
1908,1,0,8324,0,M,43,Concettina,Jiangwei,620,43486.73
1909,1,1,7631,0,M,32,Christina,Eindhoven,605,40062.99
1910,1,1,3004,1,F,37,Kimball,Jakubów,670,46175.7
1911,1,0,2002,1,F,33,Dannel,Kemiri,617,120830.73
1912,1,0,3824,0,M,34,Rafaela,Nouvelle France,595,5967.09
1913,0,1,3614,1,M,31,Delmar,Sancha,687,122134.56
1914,1,1,7798,1,M,40,Talbot,Awka,757,62972.13
1915,1,0,3822,0,F,44,Kelcy,Shikeng,746,174815.54
1916,0,0,3813,0,F,54,Jolee,Turija,503,192841.13
1917,0,1,8634,1,M,33,Dmitri,Mananara,543,33310.72
1918,1,0,5810,0,M,29,Dominique,Higashine,428,72876.43
1919,1,0,9770,1,M,42,Gaspard,Hammam Sousse,768,50911.41
1920,0,1,2014,1,M,34,Perice,Zhongzuiling,618,142400.27
1921,0,1,4655,1,F,34,Gordan,Baryshevo,591,48778.46
1922,1,1,8452,1,F,43,Obie,Queimados,658,156361.58
1923,0,1,9630,1,M,33,Monro,Al Manzilah,625,133807.77
1924,1,0,6644,0,M,30,Mia,Sibubuhan,717,179128.69
1925,1,1,9261,0,M,35,Arlen,Bima,667,91810.71
1926,0,0,1073,1,M,47,Granny,Sendangagung,804,173195.33
1927,1,0,6180,1,F,43,Jephthah,Los Cedrales,693,182270.88
1928,1,0,8047,0,M,32,Stephie,Summerland,729,177130.33
1929,1,0,2446,1,M,38,Ernst,Combita,484,49954.79
1930,1,0,3004,1,M,48,Vlad,Baishui,632,141896.74
1931,0,0,9225,0,F,35,Tanhya,Fengshan,536,120661.71
1932,0,0,9889,1,M,30,Lucais,Real,573,149814.68
1933,1,1,4798,1,M,32,Michele,Nishishinminato,655,41782.7
1934,0,1,5790,1,M,27,Sherlock,Łubowo,666,46172.47
1935,0,1,2064,0,M,37,Heda,Korniyivka,726,2704.09
1936,1,1,4950,1,M,41,Sollie,Teresa,523,6726.53
1937,0,1,1910,1,M,31,Raimondo,Bagong Barrio,728,170764.08
1938,1,1,4824,1,M,31,Kimble,Rancagadog,701,45742.42
1939,0,0,5227,1,M,37,Eben,Yuecheng,518,162304.59
1940,1,0,8111,1,F,27,Thebault,Zhanping,739,80883.82
1941,1,1,8075,0,M,30,Sorcha,General Lavalle,531,118508.09
1942,0,1,9065,0,M,48,Valerye,Birmingham,452,69697.74
1943,0,0,3024,0,F,34,Briny,Ar Rawnah,684,183575.01
1944,0,1,1605,0,F,31,Anastasie,Mudian,728,161203.6
1945,1,1,2166,1,M,32,Donny,5 de Mayo,783,143752.77
1946,0,0,1586,0,F,27,Sallyann,Poja,734,121894.31
1947,1,1,8345,0,M,32,Teddie,Jingmen,648,147055.87
1948,0,1,4461,0,M,45,Philippine,San Vicente,688,172033.57
1949,0,0,7387,1,M,29,Anders,Wissembourg,680,143774.06
